A_end_validation_accuracy,B_budget_updates,B_end_validation_accuracy,B_end_validation_loss,B_loss_slope_late,B_start_validation_accuracy,SR_preC,S_B,a_B,adaptation_dimension,condition,created_utc,d_grad_peak,d_repr_peak,fisher_burden_area,fisher_burden_peak,gradient_norm_area,incorporation_dimension,loss_change_area,n_B,no_shift,nonrollback_dimension,opening_dimension,parameter_distance_B_end,predictive_KL_area,predictive_entropy_change_area,r_grad,representation_drift_area,seed,stabilization_dimension,standardization_hash,transform_S_B,transform_a_B,transform_log1p_d_grad_peak,transform_log1p_d_repr_peak,transform_n_B,transform_r_grad,transform_v_late,update_norm_area,uses_c_data,v_late,A_final_test_balanced_accuracy,B_final_test_balanced_accuracy,C0_all_balanced_accuracy,C0_changed_balanced_accuracy,C_final_all_balanced_accuracy,C_final_changed_balanced_accuracy,C_final_head_distance_from_B,C_final_loss,C_final_trunk_distance_from_B,C_started_utc,C_train_loss_variance,Q_C_all_AULC_gain,Q_C_changed_AULC_gain,Q_C_unchanged_AULC_change,completed_utc,epochs_to_changed_accuracy_0_60,preC_created_utc,preC_sha256,preC_state
0.868375,3910,0.678125,0.9540945091355679,0.04700310383179018,0.32437499999999997,2.1595870457983377,0.8458524461459963,0.35375,-3.0941883668783556,constrained,2026-07-10T17:13:59.235841+00:00,0.9303772464239349,0.4088760747493466,0.5835230657830834,0.24325211346149445,19.506960736439964,1.6394982844755082,33.95188395767521,0.4207420751107397,False,9.95580848738786,1.762908460280708,16.198922794409853,1.6655622538007826,1.5269433856010437,0.21189499425368385,3.470129231903769,2001,0.5339083637259696,dc1abef943e02938cf7c26da0d9bed6f08a798dd5c4ef666bb43e1ceae109dff,0.8458524461459963,0.35375,0.657715448284464,0.3427922764220445,0.4207420751107397,0.21189499425368385,0.0016354727386250212,14.842575489347748,False,0.0016354727386250212,0.5768,0.5577,0.5307999999999999,0.17625000000000002,0.6754999999999999,0.49675,2.546061522672184,0.9514662949570688,2.0614036913877354,2026-07-10T17:13:59.378750+00:00,0.00128445441730339,0.14453750000000004,0.303125,0.0388124999999999,2026-07-10T17:16:06.060444+00:00,,2026-07-10T17:13:59.364311+00:00,bcb16add570ec905b88e3a6e35ba2e6b93bf57fe6c408a5f22a39188584f6e81,disorganization_or_unresolved_opening
0.868375,3910,0.842125,0.4403664280629964,0.013349997661772414,0.32437499999999997,-0.703122059537548,0.7222800773087318,0.51775,-0.4003760660526047,standard,2026-07-10T17:18:21.847120+00:00,0.8377200365066528,0.20696804447780515,0.7286678459495306,0.982306957244873,11.742564646979732,-1.1406032748567283,36.929333188981445,0.09049786738001775,False,-1.4338647018865933,-0.4721257830871755,12.85968902790022,2.3218331787626556,3.9772979021072388,0.023760918125768082,1.0964102198924282,2001,-0.06864047180463777,dc1abef943e02938cf7c26da0d9bed6f08a798dd5c4ef666bb43e1ceae109dff,0.7222800773087318,0.51775,0.6085256926943868,0.1881114666015451,0.09049786738001775,0.023760918125768082,0.005052817402307341,15.980651782098047,False,0.005052817402307341,0.6003000000000001,0.5987,0.5898000000000001,0.11299999999999999,0.8507000000000001,0.7425,5.665431297265884,0.42028368416562617,6.806318697696175,2026-07-10T17:18:21.893278+00:00,0.003436475417891132,0.24748749999999997,0.5920937500000001,0.017749999999999974,2026-07-10T17:20:28.635366+00:00,1.0,2026-07-10T17:18:21.880233+00:00,405fc027d43282bab12d6e6822c3ff6e96c4d562e059fb6101a29810c623b309,disorganization_or_unresolved_opening
0.868375,3910,0.1,2.3042857170104982,4.044771194465926e-05,0.32437499999999997,-7.054910574247389,1.0,-0.22437499999999996,-12.590287369408156,high_update,2026-07-10T17:22:44.662205+00:00,1.2768164683754246,1.0,0.08658994222059846,0.08883552253246307,1.1691392565960699,5.107473033758887,20.438348939432387,1.0,False,29.933625818753594,7.021740352324861,244.6459674083305,0.7448609267721251,12.329099297523499,0.011570979021821531,9.0,2001,-64.74710470666614,dc1abef943e02938cf7c26da0d9bed6f08a798dd5c4ef666bb43e1ceae109dff,1.0,-0.22437499999999996,0.8227781814507216,0.6931471805599453,1.0,0.011570979021821531,1.0,125.1210163941969,False,1.0,0.1,0.1,0.1,0.0,0.1,0.25,0.14305462208604094,2.303507590293884,0.0,2026-07-10T17:22:44.698501+00:00,4.634494969918317e-08,0.0,0.0625,-0.041666666666666664,2026-07-10T17:24:43.112983+00:00,,2026-07-10T17:22:44.681649+00:00,6d55069b759751d171b83d16b30dcf15079510ed2bb80749e679ee082e81ba43,disorganization_or_unresolved_opening
0.868375,3910,0.85925,0.395072657348107,-0.012673444821636692,0.32437499999999997,-0.23326238505631358,0.7830790087864052,0.534875,-0.11908621451820936,replay,2026-07-10T17:27:15.947741+00:00,0.8275305374215046,0.22064421604769158,0.3776625629980117,0.4462599754333496,11.794867716329481,0.22723652458427646,37.21872729345746,0.10941673717089728,False,-0.781378635562441,-0.3428001259569058,10.378297357709792,2.61630764965557,4.128010913729668,-0.006343530989336893,1.3269871938633817,2001,-0.15028347382828816,dc1abef943e02938cf7c26da0d9bed6f08a798dd5c4ef666bb43e1ceae109dff,0.7830790087864052,0.534875,0.6029656224455547,0.19937876531869758,0.10941673717089728,-0.006343530989336893,0.0053722859466835415,12.371841455636778,False,0.0053722859466835415,0.6029,0.6010000000000001,0.5904,0.0965,0.8564,0.7445,4.808116235682429,0.43027818207673935,5.95217480846603,2026-07-10T17:27:15.993897+00:00,0.0019158359224481936,0.24748749999999997,0.598625,0.01339583333333337,2026-07-10T17:29:31.306466+00:00,1.0,2026-07-10T17:27:15.979544+00:00,44ddaddcdf6736f6bf13cde144795506cf52ad126813e8b66d3df3826eef5f18,candidate_selective_resynchronization
0.865,3910,0.670125,0.941243252874614,0.020687778894554913,0.27799999999999997,2.4969672611096767,0.8196351657221526,0.392125,-2.4638527141698914,constrained,2026-07-10T17:34:05.308818+00:00,0.9095588854203621,0.3895506018154816,0.8463352452963591,0.3213353455066681,23.754699825402113,1.0496681883658772,36.458534801939344,0.4586737325979757,False,11.264019720753037,1.5397148446012558,16.46211952010691,1.8017589505198988,2.123632788658142,0.5560119145363497,3.6760582750006945,2002,1.0952862659981046,dc1abef943e02938cf7c26da0d9bed6f08a798dd5c4ef666bb43e1ceae109dff,0.8196351657221526,0.392125,0.6468722653437755,0.3289803868208702,0.4586737325979757,0.5560119145363497,0.0037062608193297875,15.220251102771568,False,0.0037062608193297875,0.5737,0.557,0.5704,0.2365,0.694,0.501,2.5493467662381843,0.9156356973487069,2.1566600695103033,2026-07-10T17:34:05.353475+00:00,0.0012629891650564064,0.09315,0.22434375,0.005687499999999984,2026-07-10T17:35:43.050921+00:00,,2026-07-10T17:34:05.334949+00:00,35684dfd1d34f6bfb3a8433f8a72e9d5cddcb9c6bf6da0092e6a33951f41c7b8,disorganization_or_unresolved_opening
0.865,3910,0.851875,0.4236191042348955,-0.016526196565380596,0.27799999999999997,0.2822393457415021,0.8231436524942031,0.5738750000000001,0.5215154911659654,standard,2026-07-10T17:37:35.218719+00:00,0.7381931087002158,0.2203166851866698,0.5556025630794466,0.726521372795105,12.321929740135932,1.1286012835039931,39.81550956145139,0.12984998596277164,False,-0.07666369889850938,-0.5298864822455228,11.209150254225454,3.032629383870486,3.555882543325424,0.2757713177226363,1.4173582628666577,2002,0.36763013518158427,dc1abef943e02938cf7c26da0d9bed6f08a798dd5c4ef666bb43e1ceae109dff,0.8231436524942031,0.5738750000000001,0.5528461303949168,0.19911040308248001,0.12984998596277164,0.2757713177226363,0.006182286083191768,12.939487776120707,False,0.006182286083191768,0.6067,0.6016,0.5997000000000001,0.09374999999999999,0.8539,0.72475,5.426982685490628,0.42095100770053095,6.678288202011266,2026-07-10T17:37:35.260678+00:00,0.0031534995536530797,0.23844999999999986,0.6127187500000001,-0.011062499999999933,2026-07-10T17:39:13.198066+00:00,1.0,2026-07-10T17:37:35.245057+00:00,a15749534552bd693e30c102c635d98bf1d6780137807156b074abfb584c9b08,disorganization_or_unresolved_opening
0.865,3910,0.1,2.3034623861312866,-0.0017721176147460376,0.27799999999999997,-6.908502828888705,1.0,-0.17799999999999996,-11.82854623861063,high_update,2026-07-10T17:41:04.678923+00:00,1.2652604570612311,1.0,0.06898835173342377,0.05775875970721245,1.7086797296676945,5.107473033758887,23.357723910796665,1.0,False,29.933625818753594,7.003108159487713,462.56526433830305,0.7668074438663963,12.8883296251297,0.0060971808777888995,9.0,2002,-64.75817491783309,dc1abef943e02938cf7c26da0d9bed6f08a798dd5c4ef666bb43e1ceae109dff,1.0,-0.17799999999999996,0.8176897444039287,0.6931471805599453,1.0,0.0060971808777888995,1.0,233.99238877635102,False,1.0,0.1,0.1,0.1,0.25,0.1,0.0,0.19650351246380424,2.3035233497619627,0.0,2026-07-10T17:41:04.710356+00:00,3.426618113208753e-08,0.0,-0.125,0.08333333333333333,2026-07-10T17:42:41.774881+00:00,,2026-07-10T17:41:04.693146+00:00,d65f262fd62580045906e582779249ec364f70d47934f49532c7d9f176b62dab,disorganization_or_unresolved_opening
0.865,3910,0.8560000000000001,0.4088285385649359,-0.026708492833835785,0.27799999999999997,0.33745314972165774,0.8339474208501866,0.5780000000000001,0.5892714408056364,replay,2026-07-10T17:44:48.545850+00:00,0.7000495806957285,0.2218768627535227,0.4833636153489351,0.5792927145957947,12.373020331954102,1.371661876545538,39.81816601543822,0.13984771651721561,False,0.2681444188032545,-0.594160388864603,11.049998818865,2.9930943097967653,3.5080700665712357,0.10864355917944366,1.4385017986047979,2002,0.05234840131846289,dc1abef943e02938cf7c26da0d9bed6f08a798dd5c4ef666bb43e1ceae109dff,0.8339474208501866,0.5780000000000001,0.5306574157520111,0.2003880886945933,0.13984771651721561,0.10864355917944366,0.005832690101858828,12.784152420519716,False,0.005832690101858828,0.6169,0.6094,0.5971,0.09825,0.8424999999999999,0.703,4.694747242341322,0.446434011681529,6.071073631357021,2026-07-10T17:44:48.590594+00:00,0.0018525076996329013,0.23396250000000002,0.5930312500000001,-0.00541666666666657,2026-07-10T17:46:37.425242+00:00,1.0,2026-07-10T17:44:48.574000+00:00,4cda770a26d5bb61e578953ad9b434c8c38815ab4a19c57776f160445f0e02cf,disorganization_or_unresolved_opening
0.855125,3910,0.7071249999999999,0.9120322195840418,0.005741781106138771,0.252625,2.5991865102437326,0.7962010111183372,0.4544999999999999,-1.4393006271942455,constrained,2026-07-10T17:51:10.754091+00:00,1.0071778210500877,0.37219789337565456,0.6073219394311309,0.2506021559238434,21.36530706156855,0.522452190414939,45.286144264255014,0.45932543639174184,False,11.286496097487126,1.5553300474202678,16.407832161439014,2.3269073006507734,3.6693400144577026,0.4688009881642446,3.609883522712814,2003,1.070954843090578,dc1abef943e02938cf7c26da0d9bed6f08a798dd5c4ef666bb43e1ceae109dff,0.7962010111183372,0.4544999999999999,0.6967296663129767,0.31641375605678246,0.45932543639174184,0.4688009881642446,0.00136648022864988,15.138042523288162,False,0.00136648022864988,0.557,0.5517000000000001,0.5481999999999999,0.16874999999999998,0.6794,0.50875,2.517258295315027,0.9343880630942178,2.1174959655403716,2026-07-10T17:51:10.793905+00:00,0.0013171585173652588,0.12055000000000009,0.29284375,0.00568749999999997,2026-07-10T17:52:48.694397+00:00,,2026-07-10T17:51:10.779783+00:00,cf216019e3ed3576cd5c01ed6d499d88e431b6b0bd73db0b37d3eca9af836424,candidate_selective_resynchronization
0.855125,3910,0.822125,0.4756749485048659,0.006722739601470535,0.252625,-0.12802799194205927,0.7527647244238416,0.5695,0.44965312033600807,standard,2026-07-10T17:54:40.327962+00:00,0.6297425950566928,0.22305719825138504,0.4186676163226366,0.48061734437942505,12.537510380034556,-0.4547669849332134,48.29099200259834,0.13937210358220964,False,0.25174117608922414,-0.7359853255424603,11.209802956237617,3.283764416807435,1.99615079164505,0.05860961778844329,1.3758228653378328,2003,-0.15078194565985487,dc1abef943e02938cf7c26da0d9bed6f08a798dd5c4ef666bb43e1ceae109dff,0.7527647244238416,0.5695,0.48842208520531283,0.20135362441875546,0.13937210358220964,0.05860961778844329,0.007401454459027623,13.393873568688033,False,0.007401454459027623,0.6041,0.6023,0.5831999999999999,0.10350000000000001,0.8503000000000001,0.7425,5.695429383706653,0.4239536350985931,6.700800600499355,2026-07-10T17:54:40.368960+00:00,0.0033965709131681832,0.2575625000000001,0.61671875,0.018124999999999947,2026-07-10T17:56:18.108781+00:00,1.0,2026-07-10T17:54:40.356119+00:00,6b637a590c64bd5706a000d875a3dfae5f53de9c91c0a268549dc6790dd3c558,disorganization_or_unresolved_opening
0.855125,3910,0.788875,0.5503752670566072,0.03620822327621353,0.252625,-0.28711213807734576,0.8781048675539843,0.53625,-0.09650089797165175,high_update,2026-07-10T17:58:09.870472+00:00,0.6447392205397289,0.20951245239531036,5.787055525928736,7.359677314758301,6.800247773432823,2.3651055370698963,47.45056020888092,0.1452279474296263,False,0.45370125928887484,-0.8503895065198932,97.47473047259206,3.3860245677178686,1.429818719625473,-0.1312606348433875,1.307276411453091,2003,-3.307477082253955,dc1abef943e02938cf7c26da0d9bed6f08a798dd5c4ef666bb43e1ceae109dff,0.8781048675539843,0.53625,0.4975818431030796,0.19021734650507516,0.1452279474296263,-0.1312606348433875,0.0500701149071745,88.66115317064492,False,0.0500701149071745,0.596,0.5934999999999999,0.6011,0.1595,0.8442999999999999,0.7357499999999999,10.766792496605703,0.43334873309437155,16.492310717738512,2026-07-10T17:58:09.917265+00:00,0.002220024052287527,0.23361250000000006,0.55803125,0.01733333333333345,2026-07-10T17:59:47.960626+00:00,1.0,2026-07-10T17:58:09.900597+00:00,6702cd6503ab7c1c353943230f85232d7f5fb1b3a9398b2ac90b95f30be85235,disorganization_or_unresolved_opening
0.855125,3910,0.83625,0.44456499934394683,-0.0011500291032294494,0.252625,0.05382092482458134,0.7930300029079502,0.5836250000000001,0.6816659175870073,replay,2026-07-10T18:01:53.914673+00:00,0.7260715110848348,0.22694981425822391,0.40020707296207547,0.43170762062072754,12.425838163708482,0.45111160713323656,48.37734624774613,0.12485950638403609,False,-0.24877854642338323,-0.4834957281342108,11.022442526930785,3.0027794602456206,1.9585603177547455,0.0013843877818264423,1.3585890568102785,2003,-0.13139862603974317,dc1abef943e02938cf7c26da0d9bed6f08a798dd5c4ef666bb43e1ceae109dff,0.7930300029079502,0.5836250000000001,0.5458480234859543,0.20453126371725688,0.12485950638403609,0.0013843877818264423,0.005322181385500058,13.225740550490256,False,0.005322181385500058,0.61,0.6045,0.5841000000000001,0.0985,0.8493999999999999,0.74125,5.176534320495248,0.44185520142595397,5.7392524356987416,2026-07-10T18:01:53.958834+00:00,0.002028591508862416,0.2512249999999999,0.60253125,0.017020833333333138,2026-07-10T18:03:42.859986+00:00,1.0,2026-07-10T18:01:53.941801+00:00,b2f433fd3ee5ac7298f1f04dcb31d4f6c33ad291a8c0ea5b6b2d2640cfbd0a3e,candidate_selective_resynchronization
0.85025,3910,0.698875,0.8788571417193453,0.013667359448041748,0.2585,2.797362218521388,0.805489464471706,0.440375,-1.6713134244452421,constrained,2026-07-10T18:08:16.171903+00:00,1.0043897855406005,0.43080587285740957,0.7591561982408166,0.2730925679206848,20.829422686106106,0.7314215894356221,36.437931296296284,0.4770500503008748,False,11.897793904096051,2.1058685619048703,16.088036331885874,1.8717193640518408,3.104952096939087,0.3743419795261075,4.086855554253945,2004,0.9230404616156409,dc1abef943e02938cf7c26da0d9bed6f08a798dd5c4ef666bb43e1ceae109dff,0.805489464471706,0.440375,0.6953396680719887,0.3582378329913171,0.4770500503008748,0.3743419795261075,0.0007029203766092951,14.779018199793452,False,0.0007029203766092951,0.5673999999999999,0.5281,0.5487,0.16925,0.6741999999999998,0.497,2.5014551749463894,0.9589013448525511,1.987576514852971,2026-07-10T18:08:16.215697+00:00,0.00114466419994996,0.12882500000000002,0.31518749999999995,0.004583333333333342,2026-07-10T18:09:54.098207+00:00,,2026-07-10T18:08:16.198454+00:00,117e65b2e6dc647725557312fa288d2a6b702ee6e978578e5e9b71cf9ff4a0bb,disorganization_or_unresolved_opening
0.85025,3910,0.860625,0.3976905017038947,-0.01892199608407409,0.2585,-0.2680639803525616,0.7616102717070162,0.602125,0.9855410856679602,standard,2026-07-10T18:11:45.993887+00:00,0.7662384665260712,0.20687658241119755,0.4189905016683042,0.5258995890617371,11.908848215971151,-0.2557619806066711,39.4700202040076,0.09405238153927975,False,-1.3112743470130457,-0.6184041620796905,10.844334935787844,2.7495559461668786,2.3414242267608643,-0.015409508568900325,1.1977323303169316,2004,-0.14042049773136106,dc1abef943e02938cf7c26da0d9bed6f08a798dd5c4ef666bb43e1ceae109dff,0.7616102717070162,0.602125,0.5688521250737352,0.18803568536390244,0.09405238153927975,-0.015409508568900325,0.004938351238641281,12.793638667541073,False,0.004938351238641281,0.6098,0.6089,0.5972999999999999,0.0975,0.8517999999999999,0.7277499999999999,5.830388240925411,0.4194219994741408,6.648049713534727,2026-07-10T18:11:46.034342+00:00,0.003930834509511811,0.240425,0.6125624999999999,-0.007666666666666627,2026-07-10T18:13:17.456824+00:00,1.0,2026-07-10T18:11:46.020474+00:00,983821f82aa53f95b22691fb5078a3f58b695ee3ed8560d712e83fb3bb942282,disorganization_or_unresolved_opening
0.85025,3910,0.1,2.303569793701172,-0.0008461952209472359,0.2585,-6.825305288743861,1.0,-0.1585,-11.508245385768543,high_update,2026-07-10T18:14:51.164345+00:00,1.2914530026415985,1.0,0.06342168105766177,0.06973198801279068,0.9870427541834923,5.107473033758887,22.878985998343694,1.0,False,29.933625818753594,7.045204111151191,98.22590587972088,0.7617663520592506,13.985579252243042,0.03259583965083916,9.0,2004,-64.70458402161444,dc1abef943e02938cf7c26da0d9bed6f08a798dd5c4ef666bb43e1ceae109dff,1.0,-0.1585,0.829186115326914,0.6931471805599453,1.0,0.03259583965083916,1.0,51.38003772440981,False,1.0,0.1,0.1,0.1,0.25,0.1,0.0,0.12284327913940685,2.303540349006653,0.0,2026-07-10T18:14:51.193375+00:00,1.6185889130314316e-08,0.0,-0.1875,0.125,2026-07-10T18:16:11.144267+00:00,,2026-07-10T18:14:51.180235+00:00,b0580128c1200ab3a309c7f853e0be34969e71a8cc1babe2e644e6dd38894115,disorganization_or_unresolved_opening
0.85025,3910,0.8552500000000001,0.41114040144065134,-0.011524302300998143,0.2585,-0.1509814997675114,0.7899531376758695,0.5967500000000001,0.8972530300768738,replay,2026-07-10T18:17:49.943950+00:00,0.7868977685769399,0.198447067885822,0.3705861000344157,0.4519510865211487,11.643317576602596,0.38188903003084446,39.503540003061744,0.09667681538798434,False,-1.2207611960057516,-0.6689377373268149,10.383395845210593,2.731113473574741,2.323340058326721,0.012061002782659213,1.193897556972279,2004,-0.1443506256127087,dc1abef943e02938cf7c26da0d9bed6f08a798dd5c4ef666bb43e1ceae109dff,0.7899531376758695,0.5967500000000001,0.580481026133967,0.18102660861521078,0.09667681538798434,0.012061002782659213,0.005853779478191046,12.41697791926648,False,0.005853779478191046,0.6193,0.6152,0.5976000000000001,0.09775,0.8515,0.7175,5.044434573124979,0.4211489533329718,5.782699577900197,2026-07-10T18:17:49.979506+00:00,0.0020926573400095565,0.23722499999999988,0.6004375,-0.004916666666666639,2026-07-10T18:19:16.211139+00:00,1.0,2026-07-10T18:17:49.968245+00:00,0a3bf9d036161cce55af7d8a407e00588b615e54e9654bdcad78b27d518b97c6,candidate_selective_resynchronization
0.863375,3910,0.717125,0.874670358424104,-0.022901557074401422,0.295625,2.414739627291092,0.7707954938917341,0.4215,-1.9813482243116207,constrained,2026-07-10T18:23:36.041030+00:00,0.9081305898725986,0.3523258819373156,0.6812148694880307,0.26943299174308777,23.766547481955776,-0.04911505169511225,35.91472418084064,0.4894861312591371,False,12.326697408091679,1.1762317765307968,16.387285707881805,1.9309113814450254,2.8753542006015778,0.21873998597571165,3.700122590152222,2005,0.6012322278397172,dc1abef943e02938cf7c26da0d9bed6f08a798dd5c4ef666bb43e1ceae109dff,0.7707954938917341,0.4215,0.6461240140134112,0.3018259855119216,0.4894861312591371,0.21873998597571165,0.000812469081476308,15.027588314459614,False,0.000812469081476308,0.5723,0.5544,0.5586,0.146,0.6764,0.4335,2.5163516802889734,0.9509001116854372,2.110732152076134,2026-07-10T18:23:36.082077+00:00,0.0010627315034409113,0.10683749999999999,0.3036875,-0.024395833333333464,2026-07-10T18:25:07.415978+00:00,,2026-07-10T18:23:36.064828+00:00,f6e8168926fb746fed2cd741b9813430dbae4cbb469789be685c68b36c370b32,candidate_selective_resynchronization
0.863375,3910,0.8518749999999999,0.4028466226318257,-0.029541653742645994,0.295625,0.2467029679398988,0.8136715642575767,0.5562499999999999,0.23201279725099921,standard,2026-07-10T18:26:52.457727+00:00,0.9854501970112324,0.23784791890070855,0.41897345148026943,0.5425322651863098,12.718255012236593,0.9155005108591263,39.173096630656936,0.12905991419858376,False,-0.1039121985830547,0.14660900555043166,10.654843054357459,2.859632744480572,2.854359418153763,0.30275745316966596,1.4124267057734756,2005,0.043304724621991475,dc1abef943e02938cf7c26da0d9bed6f08a798dd5c4ef666bb43e1ceae109dff,0.8136715642575767,0.5562499999999999,0.685845687925915,0.21337432253284397,0.12905991419858376,0.30275745316966596,0.012013151250578669,12.833987775034927,False,0.012013151250578669,0.592,0.5849,0.5993999999999999,0.11375,0.8401,0.7295,5.313705838881157,0.44339894019945786,6.461478290596144,2026-07-10T18:26:52.500467+00:00,0.003160939513911298,0.24531250000000002,0.60909375,0.002791666666666734,2026-07-10T18:28:23.626018+00:00,1.0,2026-07-10T18:26:52.482730+00:00,4a2c9d984c4262dd8bb40052926202e8b823bee56f061937170a3d8805a8bb5e,disorganization_or_unresolved_opening
0.863375,3910,0.1,2.3045097829401495,0.0005287891775371112,0.295625,-6.955524508935339,1.0,-0.19562500000000002,-12.118048932525593,high_update,2026-07-10T18:29:54.724688+00:00,1.2912980588153005,1.0,0.05190101033076644,0.04333722963929176,1.2939466676696219,5.107473033758887,22.57494549817331,1.0,False,29.933625818753594,7.044956507200318,272.1415322487109,0.7925985798263225,13.621145486831665,0.012300673722287603,8.986529279132633,2005,-64.74562897186391,dc1abef943e02938cf7c26da0d9bed6f08a798dd5c4ef666bb43e1ceae109dff,1.0,-0.19562500000000002,0.8291184948848349,0.6931471805599453,1.0,0.012300673722287603,1.0,138.45220761096496,False,1.0,0.1,0.1,0.1,0.25,0.1,0.0,0.2000070364084291,2.3031693700790403,0.020920717005630973,2026-07-10T18:29:54.750015+00:00,3.258835511573289e-08,0.0,-0.1875,0.125,2026-07-10T18:31:14.912680+00:00,,2026-07-10T18:29:54.737855+00:00,4c980fa79c1bee9617b98361c23d81cafe9189afca46a533907e379379a31b9f,disorganization_or_unresolved_opening
0.863375,3910,0.862125,0.3863718578381028,-0.02546432178178583,0.295625,0.16246272172023493,0.8086217653004358,0.5665,0.40037606605261017,replay,2026-07-10T18:32:54.612851+00:00,0.8320948351174593,0.22931213018204755,0.28862640680745244,0.31601762771606445,12.358374837185721,0.8018913433149656,39.23997542320197,0.13278479195545267,False,0.024553764869445042,-0.23966248964594017,10.589871741040396,2.6982385904974735,2.8504259884357452,0.1390551597089388,1.3787896151962902,2005,-0.17484507598990598,dc1abef943e02938cf7c26da0d9bed6f08a798dd5c4ef666bb43e1ceae109dff,0.8086217653004358,0.5665,0.6054600308059406,0.2064547691947785,0.13278479195545267,0.1390551597089388,0.010275416132095039,12.68700139419697,False,0.010275416132095039,0.6007,0.5938999999999999,0.599,0.10525000000000001,0.841,0.7245,4.788684520304208,0.44853758024167917,5.647599920722686,2026-07-10T18:32:54.653208+00:00,0.0017382906833349311,0.24490000000000003,0.60965625,0.0017291666666666428,2026-07-10T18:34:20.133176+00:00,1.0,2026-07-10T18:32:54.636842+00:00,7b33586dd51966422341481b651f63de0fd2b1f64f332f6d74767dcf78e93a4c,disorganization_or_unresolved_opening
0.864375,3910,0.700625,0.8914225110303305,0.011101142818963072,0.28049999999999997,2.5268898891289444,0.8199949204759427,0.4201250000000001,-2.0039335408581764,constrained,2026-07-10T18:38:38.302107+00:00,0.9917685401936372,0.40178886758039256,0.6652556289918721,0.4005562663078308,19.59901237060957,1.0577618646577531,43.29652429708874,0.45085141514691707,False,10.994238639768984,1.8105493931901329,16.104081808155936,1.7402050182005837,4.311078608036041,0.29490077113751123,3.6255134226541643,2006,0.7758330888860279,dc1abef943e02938cf7c26da0d9bed6f08a798dd5c4ef666bb43e1ceae109dff,0.8199949204759427,0.4201250000000001,0.6890229577293725,0.3377491835347851,0.45085141514691707,0.29490077113751123,0.0004958704042093975,14.883318256103362,False,0.0004958704042093975,0.5547000000000001,0.5373,0.5624999999999999,0.18025,0.6756,0.49724999999999997,2.6083798161702503,0.925931234986984,2.159612412706498,2026-07-10T18:38:38.334856+00:00,0.0015093462045590981,0.11167500000000012,0.31206249999999996,-0.02191666666666671,2026-07-10T18:40:09.431277+00:00,,2026-07-10T18:38:38.324088+00:00,d559abe2d5b56020a7523d4e9a4de0b6c1f77b9c6d8c423ae011a010de757814,candidate_selective_resynchronization
0.864375,3910,0.8547499999999999,0.4044921886891664,-0.013221420702567214,0.28049999999999997,-0.23977512640030457,0.7565962037893025,0.5742499999999999,0.5276751229513867,standard,2026-07-10T18:41:54.935034+00:00,0.7362988231082757,0.21232672349601267,0.3663286018418148,0.5164972543716431,11.666218059828214,-0.3685672797831493,46.407878176530176,0.11250859887999953,False,-0.6747445339226616,-0.6211473000637842,10.706184865817978,3.5219418565000264,1.3698376268148422,0.05902331792085248,1.3612252503206368,2006,-0.06209164118331439,dc1abef943e02938cf7c26da0d9bed6f08a798dd5c4ef666bb43e1ceae109dff,0.7565962037893025,0.5742499999999999,0.5517557345518385,0.19254142516021794,0.11250859887999953,0.05902331792085248,0.006049488858687058,12.784741510850465,False,0.006049488858687058,0.6125,0.6020999999999999,0.5942999999999999,0.108,0.849,0.742,5.512747826712636,0.40888687024059445,6.36186082562995,2026-07-10T18:41:54.972419+00:00,0.003096741393458209,0.253325,0.62440625,0.0059375000000000955,2026-07-10T18:43:25.654768+00:00,1.0,2026-07-10T18:41:54.960248+00:00,54f977faec5903b1d4233c607d968efc1e68a0eda7d849e61c823bfd6e94e4e5,disorganization_or_unresolved_opening
0.864375,3910,0.1,2.30551221370697,0.0010882735252382152,0.28049999999999997,-6.907137024337935,1.0,-0.18049999999999997,-11.869610450513461,high_update,2026-07-10T18:44:58.976046+00:00,1.2823881437070668,1.0,0.03936868207529187,0.03094523586332798,1.2599691811787046,5.107473033758887,29.811907961290203,1.0,False,29.933625818753594,7.03069001145937,251.41091792485236,0.8552851132737759,15.004751920700073,0.01614038666377816,9.0,2006,-64.73786353514807,dc1abef943e02938cf7c26da0d9bed6f08a798dd5c4ef666bb43e1ceae109dff,1.0,-0.18049999999999997,0.825222326243245,0.6931471805599453,1.0,0.01614038666377816,1.0,127.81579475894742,False,1.0,0.1,0.1,0.1,0.0,0.1,0.0,0.2677907628555188,2.30633065700531,0.0,2026-07-10T18:44:59.039740+00:00,4.9432225657579084e-08,0.0,0.0,0.0,2026-07-10T18:46:18.790531+00:00,,2026-07-10T18:44:59.022778+00:00,7057ac76e8fd49a29e082b991279fa31c6c1648b241a530e9f00a80c14a25a8f,disorganization_or_unresolved_opening
0.864375,3910,0.851,0.42031392474190027,-0.006248181679665246,0.28049999999999997,0.04850857460318979,0.7916843238660285,0.5705,0.4660788050971407,replay,2026-07-10T18:47:58.910830+00:00,0.7588904262520373,0.22167181826806337,0.34541638451628387,0.45186251401901245,11.63716659026073,0.42083684232934987,46.4642304136903,0.1266494593680325,False,-0.18704550452697782,-0.47179873785891724,10.472036413920158,3.4610885867723145,1.365359216928482,0.1286691388662629,1.4923435969454069,2006,0.014471467975353446,dc1abef943e02938cf7c26da0d9bed6f08a798dd5c4ef666bb43e1ceae109dff,0.7916843238660285,0.5705,0.5646831706099098,0.20022026352496755,0.1266494593680325,0.1286691388662629,0.0070388162019198175,12.544564133639355,False,0.0070388162019198175,0.6154,0.6079,0.6003000000000001,0.10675000000000001,0.8533,0.7405,4.945934910965737,0.41636852549862663,5.717687475170015,2026-07-10T18:47:58.947363+00:00,0.0018240619952522405,0.2470624999999999,0.6143749999999999,0.002187499999999898,2026-07-10T18:49:27.665230+00:00,1.0,2026-07-10T18:47:58.936361+00:00,6835d48e42facc7188516c2f3ad8255abcd0854f74fe8e2298676a388802fbd3,candidate_selective_resynchronization
0.851875,3910,0.690375,0.9016706328982109,0.014370181628088221,0.282375,1.855054254639598,0.7524289060142579,0.408,-2.2030949685869117,constrained,2026-07-10T18:53:45.152641+00:00,1.0009366683661938,0.3423012384355877,0.659889676142484,0.35312551259994507,21.204416679070732,-0.4623221470857284,41.515603589299346,0.4142416747224583,False,9.731618526477698,1.251283473054554,16.474274568593604,1.8146687901890983,2.4692699909210205,0.4140547199846661,3.344871538681333,2007,0.9577863893383799,dc1abef943e02938cf7c26da0d9bed6f08a798dd5c4ef666bb43e1ceae109dff,0.7524289060142579,0.408,0.6936154051088176,0.29438548313308516,0.4142416747224583,0.4140547199846661,0.0014041764701249182,15.182573322477777,False,0.0014041764701249182,0.5631,0.5427,0.5813,0.214,0.6780999999999999,0.4545,2.5876439891328897,0.9309323481208005,2.253218444625055,2026-07-10T18:53:45.189296+00:00,0.0012256872041012763,0.09419999999999996,0.26003125,-0.016354166666666448,2026-07-10T18:55:16.421361+00:00,,2026-07-10T18:53:45.177778+00:00,5bf616f90a49337d9bc5b6f98d8073f124deb25c13f93ffa558f1d613c0e281d,disorganization_or_unresolved_opening
0.851875,3910,0.835875,0.4668935309107702,0.013441431117298177,0.282375,0.11867718407009749,0.8284974165546141,0.5535000000000001,0.18684216415788765,standard,2026-07-10T18:57:01.648287+00:00,0.8461713492870331,0.18543862965112945,0.37237981148064137,0.5383144021034241,12.407695492362732,1.2490489851438846,44.73261493433254,0.1113086987994012,False,-0.7161274543732836,-0.6944345987671001,10.816158411434664,3.273727548043246,3.421600952744484,0.3707704652551674,1.2607571000195699,2007,0.5680568241890989,dc1abef943e02938cf7c26da0d9bed6f08a798dd5c4ef666bb43e1ceae109dff,0.8284974165546141,0.5535000000000001,0.6131139537052753,0.17011285770221846,0.1113086987994012,0.3707704652551674,0.006054552832654825,12.402850236606227,False,0.006054552832654825,0.6157999999999999,0.6093,0.6094999999999999,0.15100000000000002,0.8494999999999999,0.7235,5.43537308189638,0.4119462258486831,6.7030070939657795,2026-07-10T18:57:01.687962+00:00,0.003410971536130831,0.232525,0.56290625,0.01227083333333337,2026-07-10T18:58:32.278907+00:00,1.0,2026-07-10T18:57:01.674901+00:00,ba7ec4ad26766cdf0693f07b7a224f4c59ac39e56482bcc336f48916591ff88d,disorganization_or_unresolved_opening
0.851875,3910,0.1,2.3030288457870483,-0.0005482554435728683,0.282375,-6.89953424295485,1.0,-0.18237499999999998,-11.900408609440584,high_update,2026-07-10T19:00:04.607552+00:00,1.307750587662061,1.0,0.052579877024982125,0.051277827471494675,1.3046048125252128,5.107473033758887,28.013364770735166,1.0,False,29.933625818753594,7.071154985722773,304.2699416387566,0.7462152513184689,13.250853836536407,0.030156944698175682,9.0,2007,-64.70951644356892,dc1abef943e02938cf7c26da0d9bed6f08a798dd5c4ef666bb43e1ceae109dff,1.0,-0.18237499999999998,0.836273278535285,0.6931471805599453,1.0,0.030156944698175682,1.0,154.267458824825,False,1.0,0.1,0.1,0.1,0.0,0.1,0.25,0.14251707389782475,2.303512978553772,0.0,2026-07-10T19:00:04.631613+00:00,1.4481075832041936e-08,0.0,0.125,-0.08333333333333333,2026-07-10T19:01:25.890073+00:00,,2026-07-10T19:00:04.620319+00:00,519a5d22ba70dd07085c580b225269571e1e4bf1aa95d095ee6ffca67ca5ea73,disorganization_or_unresolved_opening
0.851875,3910,0.826125,0.49484914638837546,0.04587345855017864,0.282375,0.021080119202988544,0.7893983962521314,0.54375,0.026691737736842136,replay,2026-07-10T19:03:06.077559+00:00,0.9150757777194182,0.1978667961621221,0.37714952090755105,0.5411427021026611,12.337026352925069,0.3694085903365018,44.75020380137238,0.12448361796833685,False,-0.2617424262136366,-0.42170498553457375,10.521755335017975,3.3085470075718053,3.397468402981758,0.3425060754732223,1.3271227099116578,2007,0.3927476796898091,dc1abef943e02938cf7c26da0d9bed6f08a798dd5c4ef666bb43e1ceae109dff,0.7893983962521314,0.54375,0.6497571924603756,0.18054230499893778,0.12448361796833685,0.3425060754732223,0.007872701748410815,12.243846018404378,False,0.007872701748410815,0.6326999999999999,0.6232,0.6051,0.14250000000000002,0.8441000000000001,0.7065,4.96161250057349,0.4282484640353323,5.885580460673064,2026-07-10T19:03:06.122673+00:00,0.0019742427897279126,0.23877499999999996,0.5643125,0.021750000000000116,2026-07-10T19:04:33.242195+00:00,1.0,2026-07-10T19:03:06.108465+00:00,093ee1361679eeebeef38277b70be6ef71ce030dc88e98597d8663fd945119a9,disorganization_or_unresolved_opening
0.8565,3910,0.697125,0.8989686961073384,0.019124004167464605,0.31562500000000004,2.016030486525268,0.7400615537077175,0.38149999999999995,-2.6383756147569266,constrained,2026-07-10T19:08:50.790360+00:00,0.9686433623234431,0.36354329755004633,0.5951022636145353,0.2473985254764557,20.20827661816726,-0.7405598773788431,38.21255355891854,0.45569972625296695,False,11.161450290193644,1.4002939426600842,16.083320297760363,1.7204971940817066,1.422855257987976,0.3704834765927392,3.5243777105845977,2008,0.8973436919083797,dc1abef943e02938cf7c26da0d9bed6f08a798dd5c4ef666bb43e1ceae109dff,0.7400615537077175,0.38149999999999995,0.6773446569557756,0.3100866775115078,0.45569972625296695,0.3704834765927392,0.0009782780084085507,14.807757262026644,False,0.0009782780084085507,0.5792999999999999,0.5640999999999999,0.5438000000000001,0.159,0.6883,0.47525000000000006,2.4824602989537308,0.9228057838108507,2.1208022051935442,2026-07-10T19:08:50.824381+00:00,0.001301208726237414,0.12699999999999995,0.31918749999999996,-0.0011249999999999316,2026-07-10T19:10:21.714347+00:00,,2026-07-10T19:08:50.813400+00:00,7532851603263635f0dcaf61130c66441e614d720d875b7bed9b67f39bf17417,disorganization_or_unresolved_opening
0.8565,3910,0.858,0.3999986655712992,0.004230610935566687,0.31562500000000004,-0.5736721290577798,0.7390842498936949,0.5423749999999999,0.004106421190284528,standard,2026-07-10T19:12:07.368462+00:00,0.6940650871644418,0.20637227663974522,0.2713484417181462,0.2617083489894867,11.777020733107996,-0.7625470245288966,41.44316443968192,0.11128355479170493,False,-0.7169946369721759,-0.7767256045371859,10.273685861674206,2.7137055891385393,4.5944894105196,-0.2818306112397392,1.3169232367922203,2008,-0.6161998004409253,dc1abef943e02938cf7c26da0d9bed6f08a798dd5c4ef666bb43e1ceae109dff,0.7390842498936949,0.5423749999999999,0.527131017666745,0.18761773776856686,0.11128355479170493,-0.2818306112397392,0.003968379964466251,11.890033382761445,False,0.003968379964466251,0.6058999999999999,0.6007999999999999,0.595,0.101,0.8639999999999999,0.7609999999999999,5.634693339155222,0.39434226258782,6.984090738162938,2026-07-10T19:12:07.410076+00:00,0.003680636940966635,0.2514375,0.6265624999999999,0.0013541666666666563,2026-07-10T19:13:38.411429+00:00,1.0,2026-07-10T19:12:07.398546+00:00,3cb911b3ed149bc5e1ace52d4f05b68ada300d2920885e2b06a52b0a36f9f283,disorganization_or_unresolved_opening
0.8565,3910,0.8231249999999999,0.509026537715044,-0.020986193178992012,0.31562500000000004,1.031951377143304,0.9105163820840388,0.5074999999999998,-0.5687393348542175,high_update,2026-07-10T19:15:12.780188+00:00,0.6529404173294704,0.3125713964096978,8.363649513572454,9.156339645385742,6.817647329267219,3.0942920286227817,39.174334459323674,0.24959765833804237,False,4.053270518275537,0.25413895931465935,130.50995336990175,3.0001879759734225,2.64702245593071,-0.37644760505653513,2.357956983737762,2008,-1.67320528564224,dc1abef943e02938cf7c26da0d9bed6f08a798dd5c4ef666bb43e1ceae109dff,0.9105163820840388,0.5074999999999998,0.5025557730165101,0.2719881112686959,0.24959765833804237,-0.37644760505653513,0.017289761129349046,111.42730236819064,False,0.017289761129349046,0.6038,0.5988,0.5978999999999999,0.12200000000000001,0.8241999999999999,0.69675,10.710470349124451,0.49988885473137507,16.868298842645913,2026-07-10T19:15:12.817070+00:00,0.0027182146980623437,0.20183750000000011,0.52953125,-0.01662499999999989,2026-07-10T19:16:32.843189+00:00,2.0,2026-07-10T19:15:12.804640+00:00,62a70e409d13871bc403bf855a98cdf190a267f37f3f9f0c6abeb729a589abc5,disorganization_or_unresolved_opening
0.8565,3910,0.8621250000000001,0.38895165669763676,-0.005105948254887599,0.31562500000000004,-0.32353915199984706,0.7501471819581471,0.5465000000000001,0.07186237082995918,replay,2026-07-10T19:18:13.886670+00:00,0.8029487400005261,0.2035584256760793,0.25340481963939965,0.2594236135482788,11.54880332199814,-0.5136558284422247,41.4751784972397,0.12169961827743347,False,-0.35775878591398774,-0.579653913865904,9.98338246475899,2.4867538644891662,4.5392226576805115,-0.0735549499114008,1.3613530749588372,2008,-0.23848960260707805,dc1abef943e02938cf7c26da0d9bed6f08a798dd5c4ef666bb43e1ceae109dff,0.7501471819581471,0.5465000000000001,0.5894235134235326,0.1852825235321778,0.12169961827743347,-0.0735549499114008,0.0046378955974926694,11.63128998032683,False,0.0046378955974926694,0.6139000000000001,0.6073999999999999,0.5992,0.09675,0.8625,0.749,5.214368199609655,0.41644205300397824,5.95613018341896,2026-07-10T19:18:13.923205+00:00,0.002405778141010395,0.24143750000000003,0.6113125,-0.00514583333333328,2026-07-10T19:19:40.844528+00:00,1.0,2026-07-10T19:18:13.912485+00:00,13de9f382b57a952bee370ba76cbc51af801d67bce7d1a6bb824e49df6e515aa,candidate_selective_resynchronization
0.868625,3910,0.7001250000000001,0.8824650216338851,0.0027045117810158155,0.293625,2.04618300704914,0.7412575387574275,0.4065000000000001,-2.2277334957286086,constrained,2026-07-10T19:23:58.137343+00:00,1.0221117679029703,0.38892464327081133,0.6295391246676445,0.2604919970035553,21.702135884395947,-0.7136528921610115,32.485054749932736,0.4446273417388291,False,10.7795788202636,1.7434334693779001,16.664436928138844,1.683522990947668,2.021556407213211,0.24145924995870813,3.7129983037831296,2009,0.6492891334938198,dc1abef943e02938cf7c26da0d9bed6f08a798dd5c4ef666bb43e1ceae109dff,0.7412575387574275,0.4065000000000001,0.7041423949870272,0.32852980979567087,0.4446273417388291,0.24145924995870813,0.0007800069582045155,15.308038800375567,False,0.0007800069582045155,0.6061,0.5758,0.5487,0.13025,0.6326,0.4065,2.568596999246627,1.042464561146137,2.3141346714408657,2026-07-10T19:23:58.208882+00:00,0.001400218202541963,0.12007500000000006,0.33975000000000005,-0.026374999999999843,2026-07-10T19:25:28.828781+00:00,,2026-07-10T19:23:58.196205+00:00,f517777f9ccbcdb2889ee5c0da884944f3ab0c754e4c7862d223b415d10b879f,candidate_selective_resynchronization
0.868625,3910,0.8568749999999999,0.40321789757552007,0.005316572885923011,0.293625,0.0018534501987508723,0.757447002552608,0.5632499999999999,0.34699259057892773,standard,2026-07-10T19:27:13.713839+00:00,1.0782903209328651,0.21813001334135806,0.22952476446516812,0.2548920512199402,11.227717584356325,-0.3494262129670026,35.77162599537495,0.11040912778388501,False,-0.7471524341834593,0.1006261328568212,10.143622943640873,3.024558610742075,3.7974656224250793,0.32294827874762294,1.2250924381605877,2009,0.6582271747084674,dc1abef943e02938cf7c26da0d9bed6f08a798dd5c4ef666bb43e1ceae109dff,0.757447002552608,0.5632499999999999,0.7315455946280159,0.19731690689265205,0.11040912778388501,0.32294827874762294,0.0031785946811226373,11.859755853578408,False,0.0031785946811226373,0.6164,0.6098999999999999,0.6050000000000001,0.11725000000000001,0.853,0.7315,5.08180759691984,0.4101687865582372,6.672307351092789,2026-07-10T19:27:13.749060+00:00,0.002831464677436116,0.2368999999999999,0.60184375,-0.006395833333333323,2026-07-10T19:28:44.149841+00:00,1.0,2026-07-10T19:27:13.737407+00:00,c1dbb766605a8026d23fe080222f3242d5d02aebc4885638097303c5b3a82dc5,candidate_selective_resynchronization
0.868625,3910,0.8391249999999999,0.4469538828265374,0.0012827737175374414,0.293625,-0.10785071206186041,0.8911156302317271,0.5454999999999999,0.05543668606882289,high_update,2026-07-10T19:30:17.450415+00:00,0.6392618715763092,0.1971408105697634,5.911471277475357,8.522440910339355,6.434406805754929,2.6578185598017763,34.72404952834555,0.1315545111528309,False,-0.017876945328887773,-0.9991898535749857,45.09092875203641,3.758166954145182,3.189957246184349,-0.13158407733746835,1.1644166445496063,2009,-2.2354420072760277,dc1abef943e02938cf7c26da0d9bed6f08a798dd5c4ef666bb43e1ceae109dff,0.8911156302317271,0.5454999999999999,0.4942460622133361,0.17993605588928677,0.1315545111528309,-0.13158407733746835,0.03356267194172008,59.35050716369949,False,0.03356267194172008,0.6194,0.6120000000000001,0.61,0.128,0.8438000000000001,0.7130000000000001,10.365102188204226,0.44043107857385977,15.838458686320905,2026-07-10T19:30:17.482653+00:00,0.0028308988380204617,0.23371250000000002,0.58834375,-0.002708333333333368,2026-07-10T19:31:37.248484+00:00,1.0,2026-07-10T19:30:17.471668+00:00,be4f553c8dd656916ad9f98a8188cfd57224a00acb72e17199b336ff2d050762,disorganization_or_unresolved_opening
0.868625,3910,0.8584999999999999,0.3977075122825178,0.0001064921022730617,0.293625,-0.024328099655982816,0.7882758443699066,0.5648749999999999,0.37368432831576803,replay,2026-07-10T19:33:17.547147+00:00,0.8440371261288723,0.19739270370209305,0.20552486181259155,0.21466514468193054,11.159382617458359,0.3441536869339922,35.786468618161756,0.11361251927049065,False,-0.6366718223342658,-0.5653749280822047,9.996866602134565,2.7837917082474197,3.7857328355312347,0.19044301648480616,1.1901295362187805,2009,0.3625682368867962,dc1abef943e02938cf7c26da0d9bed6f08a798dd5c4ef666bb43e1ceae109dff,0.7882758443699066,0.5648749999999999,0.6119572584072537,0.1801464460398171,0.11361251927049065,0.19044301648480616,0.003604561658569705,11.673974663548108,False,0.003604561658569705,0.6463,0.6375,0.6051000000000001,0.11549999999999999,0.8262,0.65625,4.763876411897727,0.4466061553725808,5.559330311627825,2026-07-10T19:33:17.584193+00:00,0.001799700317616342,0.23192499999999994,0.5840625,-0.0028333333333334515,2026-07-10T19:34:44.492632+00:00,1.0,2026-07-10T19:33:17.572744+00:00,2853a51ba203c0c5b12ad5197e6a12cc633a46e1c0fc42b10eaf43ffafb65ecf,candidate_selective_resynchronization
0.871625,3910,0.700375,0.8854378009057037,-0.005835035496329485,0.307125,2.104454072021551,0.8106021344135877,0.39325,-2.4453738188136174,constrained,2026-07-10T19:39:01.247355+00:00,1.0941562230388324,0.3714549193279789,0.7776081347838044,0.2967436909675598,21.936420889080637,0.8464452133372966,31.444437063636038,0.407496452434155,False,9.498984991492497,1.7034670303701631,16.242407723906837,1.7859077087606874,2.341343641281128,0.39048718066403915,3.376311870066939,2010,0.9187469437214135,dc1abef943e02938cf7c26da0d9bed6f08a798dd5c4ef666bb43e1ceae109dff,0.8106021344135877,0.39325,0.7391507147461512,0.3158721612439136,0.407496452434155,0.39048718066403915,0.001271469979312545,14.947097760602043,False,0.001271469979312545,0.5724,0.5559000000000001,0.5488999999999999,0.14125000000000001,0.6795,0.49949999999999994,2.5444382500963876,0.9312658397223684,2.1628289945265506,2026-07-10T19:39:01.287993+00:00,0.001311203409509233,0.11987500000000009,0.34240625,-0.028479166666666778,2026-07-10T19:40:32.196883+00:00,,2026-07-10T19:39:01.275784+00:00,0f9ee7d9c00485e45fcadddda0110c93a00cfd9ca74f5c15e26ad2e1acfd636c,candidate_selective_resynchronization
0.871625,3910,0.853125,0.4216725884062315,-0.012206845323736651,0.307125,0.11099394196111649,0.8125106788777369,0.546,0.06364952844939194,standard,2026-07-10T19:42:17.272909+00:00,0.9406340854863325,0.25617207415180965,0.9837286015972495,1.171210765838623,11.708454092712048,0.8893831896078933,34.39871111404396,0.10077731540192902,False,-1.0793405322116214,0.25822760671591094,13.842907524379592,2.4956913060212873,3.0928253531455994,0.19440630123205122,1.2972900059141002,2010,0.42304991724400764,dc1abef943e02938cf7c26da0d9bed6f08a798dd5c4ef666bb43e1ceae109dff,0.8125106788777369,0.546,0.6630147678608349,0.22806906037535352,0.10077731540192902,0.19440630123205122,0.002797165649927824,17.41172412919523,False,0.002797165649927824,0.6091,0.6061,0.6005,0.10699999999999998,0.8543,0.7282500000000001,5.529971762504803,0.41729879261755304,6.666633766610098,2026-07-10T19:42:17.320111+00:00,0.00350079068694438,0.2379374999999999,0.5899375,0.0032708333333332368,2026-07-10T19:43:47.971605+00:00,1.0,2026-07-10T19:42:17.304518+00:00,8e126f958016ff1487d6780ee3578f90d5fc636d2b576a65262f636c0283fee9,candidate_selective_resynchronization
0.871625,3910,0.728875,0.7570151237143982,-0.007964447943000387,0.307125,0.4465664236905645,0.840711221078012,0.42175000000000007,-1.9772418031213363,high_update,2026-07-10T19:45:21.964166+00:00,0.8535988306005796,0.5007335704892315,14.607389643788338,7.960264682769775,8.141992131367212,1.523832234185543,29.54828654205245,0.1923563561448638,False,2.079095923696712,2.4533913680080937,498.0275647282386,4.122491936436703,2.188695728778839,0.254898491174665,2.8758253251016166,2010,-1.8462456043161901,dc1abef943e02938cf7c26da0d9bed6f08a798dd5c4ef666bb43e1ceae109dff,0.840711221078012,0.42175000000000007,0.6171290632556943,0.40595403555647847,0.1923563561448638,0.254898491174665,0.03960165410850136,305.3908848773496,False,0.03960165410850136,0.5811000000000001,0.5830000000000001,0.5576000000000001,0.12925,0.7855000000000001,0.64625,8.98232207524171,0.6214172449139796,16.19705449351314,2026-07-10T19:45:21.997256+00:00,0.0021367716734196603,0.2044749999999999,0.46865625,0.02835416666666664,2026-07-10T19:46:42.272590+00:00,5.0,2026-07-10T19:45:21.987519+00:00,3391955d39783caca51f5e96cbd8bc9a7807e45f1c999b2f84ab85fe950ed77a,disorganization_or_unresolved_opening
0.871625,3910,0.8605,0.4040393162040458,-0.015385912082772697,0.307125,0.21644751201587673,0.863885327416673,0.5533750000000001,0.18478895356274538,replay,2026-07-10T19:48:24.847903+00:00,0.9176707851390044,0.18392773287908404,0.5407779105007648,0.7071083188056946,11.421084495227966,2.0451977285468854,34.758194968053864,0.10812176376632643,False,-0.8260405055410678,-0.5722436879906357,11.183825806721126,2.471368398697483,3.3150984346866608,0.14074231411375024,1.215534891914576,2010,0.2505350715014564,dc1abef943e02938cf7c26da0d9bed6f08a798dd5c4ef666bb43e1ceae109dff,0.863885327416673,0.5533750000000001,0.6511113168584048,0.16883749817932334,0.10812176376632643,0.14074231411375024,0.0037818172250236315,13.412587746276165,False,0.0037818172250236315,0.6147,0.6112,0.5937,0.098,0.8493999999999999,0.7077500000000001,4.939661317810357,0.43690381097352576,5.8283250111824145,2026-07-10T19:48:24.885777+00:00,0.001927656377166177,0.24275000000000002,0.590125,0.011166666666666589,2026-07-10T19:49:52.331433+00:00,1.0,2026-07-10T19:48:24.874284+00:00,cfd524f32177e3acf45b46caaef73e06b96e2e479bd7975ffe2515b9fe5d89b3,candidate_selective_resynchronization
