A_accuracy,B_accuracy,C_accuracy,batches,checkpoint_id,condition,data_shift_id,fisher_empirical_diag_burden,fisher_sample_count,global_step,gradient_disagreement,learning_rate,model_id,no_shift,parameter_distance_from_phase_start,parameter_update_norm,phase,phase_epoch,phase_global_updates,phase_relative_step,predictive_KL_from_previous,predictive_entropy,probe_gradient_norm,representation_coherence,representation_drift_from_A,representation_velocity,seed,timestamp_utc,train_gradient_norm,train_loss,validation_accuracy,validation_balanced_accuracy,validation_loss,C_balanced_accuracy,C_changed_balanced_accuracy,C_test_loss,C_unchanged_balanced_accuracy,head_parameter_distance_from_B,trunk_parameter_distance_from_B
0.868375,,,391.0,A15,constrained,A_clean,0.011180025525391102,20,5865,0.8495511418829361,0.02,light_cnn,False,19.65100349127312,0.8921771691315791,A,15,5865,5865,0.04598404177026113,0.38403385877609253,1.6119930148124695,0.6404476378260489,0.0,0.006337116817009214,2001,2026-07-10T17:11:35.154641+00:00,1.2982456057577791,0.3787594506960086,0.868375,0.868375,0.3677026199851143,,,,,,
0.698875,0.678125,,391.0,B10,constrained,79a9d970650ca075328eac6e3b23ac9ca4dde0c73809765057577fdbe3798be9,0.02275525964796543,20,9775,0.3515992959340414,0.003,light_cnn,False,16.198922794409853,0.5026922981595147,B,10,3910,3910,0.07608393497215762,1.183061122894287,5.312887668609619,0.3574556259438524,0.4207420751107397,0.0007199695924917648,2001,2026-07-10T17:13:59.205739+00:00,3.2976923775489984,0.893404191564721,0.678125,0.678125,0.9540945091355679,,,,,,
0.56925,0.552125,0.6755,391.0,C8,constrained,79a9d970650ca075328eac6e3b23ac9ca4dde0c73809765057577fdbe3798be9_label_rule,0.009217321872711182,20,12903,0.7830010453859965,0.003,light_cnn,False,3.2759448188421585,0.22372728687580404,C,8,3128,3128,0.04992013793594034,1.2180492877960205,3.4469560384750366,0.35374644376841946,,0.0006238419297683873,2001,2026-07-10T17:16:04.579020+00:00,3.777672877701957,0.9329280231309973,0.67575,0.6757500000000001,0.9351441998128576,0.6754999999999999,0.49675,0.9514662949570688,0.7946666666666667,2.546061522672184,2.0614036913877354
0.868375,,,391.0,A15,high_update,A_clean,0.011180025525391102,20,5865,0.8495511418829361,0.02,light_cnn,False,19.65100349127312,0.8921771691315791,A,15,5865,5865,0.04598404177026113,0.38403385877609253,1.6119930148124695,0.6404476378260489,0.0,0.006337116817009214,2001,2026-07-10T17:11:35.154641+00:00,1.2982456057577791,0.3787594506960086,0.868375,0.868375,0.3677026199851143,,,,,,
0.1,0.1,,391.0,B10,high_update,79a9d970650ca075328eac6e3b23ac9ca4dde0c73809765057577fdbe3798be9,0.003340715542435646,20,9775,1.2553513248761494,0.12,light_cnn,False,244.6459674083305,0.2724092567405896,B,10,3910,3910,0.003591954623708079,2.300891399383545,0.0957868043333292,1.0,1.0,1.0,2001,2026-07-10T17:22:44.657668+00:00,0.08257920524615156,2.304514207498497,0.1,0.1,2.3042857170104982,,,,,,
0.1,0.1,0.1,391.0,C8,high_update,79a9d970650ca075328eac6e3b23ac9ca4dde0c73809765057577fdbe3798be9_label_rule,0.0014456482604146004,20,12903,1.294672401001056,0.12,light_cnn,False,0.14305462208604094,0.1792076364353196,C,8,3128,3128,0.0015765719104496368,2.3016743659973145,0.09360085427761078,1.0,,1.0,2001,2026-07-10T17:24:41.516316+00:00,0.08406340834849022,2.3046172268860174,0.1,0.1,2.303507590293884,0.1,0.25,2.303507590293884,0.0,0.14305462208604094,0.0
0.868375,,,391.0,A15,replay,A_clean,0.011180025525391102,20,5865,0.8495511418829361,0.02,light_cnn,False,19.65100349127312,0.8921771691315791,A,15,5865,5865,0.04598404177026113,0.38403385877609253,1.6119930148124695,0.6404476378260489,0.0,0.006337116817009214,2001,2026-07-10T17:11:35.154641+00:00,1.2982456057577791,0.3787594506960086,0.868375,0.868375,0.3677026199851143,,,,,,
0.865125,0.85925,,391.0,B10,replay,79a9d970650ca075328eac6e3b23ac9ca4dde0c73809765057577fdbe3798be9,0.004658174235373735,20,9775,0.8428575755096972,0.02,light_cnn,False,10.378297357709792,0.8972584419540802,B,10,3910,3910,0.05410009472926574,0.42113420367240906,1.4829295873641968,0.5136398706026919,0.10941673717089728,0.003625068845395485,2001,2026-07-10T17:27:15.943684+00:00,1.2185269505776408,0.3841307849225486,0.85925,0.85925,0.395072657348107,,,,,,
0.601875,0.601375,0.8564,391.0,C8,replay,79a9d970650ca075328eac6e3b23ac9ca4dde0c73809765057577fdbe3798be9_label_rule,0.003304986981675029,20,12903,0.7320239245891571,0.02,light_cnn,False,7.6515597551329755,0.8244712451882721,C,8,3128,3128,0.04927618983821472,0.4571933150291443,1.2314295023679733,0.5638140108801437,,0.004774413396466559,2001,2026-07-10T17:29:30.412176+00:00,1.1173924964559658,0.4523832455772878,0.860125,0.860125,0.41675267241599145,0.8564,0.7445,0.43027818207673935,0.931,4.808116235682429,5.95217480846603
0.868375,,,391.0,A15,standard,A_clean,0.011180025525391102,20,5865,0.8495511418829361,0.02,light_cnn,False,19.65100349127312,0.8921771691315791,A,15,5865,5865,0.04598404177026113,0.38403385877609253,1.6119930148124695,0.6404476378260489,0.0,0.006337116817009214,2001,2026-07-10T17:11:35.154641+00:00,1.2982456057577791,0.3787594506960086,0.868375,0.868375,0.3677026199851143,,,,,,
0.83825,0.842125,,391.0,B10,standard,79a9d970650ca075328eac6e3b23ac9ca4dde0c73809765057577fdbe3798be9,0.006737218238413334,20,9775,0.6066311970353127,0.02,light_cnn,False,12.85968902790022,0.9090434747892544,B,10,3910,3910,0.08469511746287783,0.43181973695755005,1.8190584778785706,0.5274247966878962,0.09049786738001775,0.005384899160261525,2001,2026-07-10T17:18:21.842598+00:00,1.1743373065196034,0.402634121191776,0.842125,0.842125,0.4403664280629964,,,,,,
0.59575,0.597,0.8507,391.0,C8,standard,79a9d970650ca075328eac6e3b23ac9ca4dde0c73809765057577fdbe3798be9_label_rule,0.005807599518448114,20,12903,1.0294284659127395,0.02,light_cnn,False,8.855681001405163,0.9114941556751842,C,8,3128,3128,0.04992279554974351,0.39482980966567993,1.361112266778946,0.5376737603951556,,0.004846419378631284,2001,2026-07-10T17:20:27.395724+00:00,1.175687337241819,0.3844698476593208,0.85675,0.8567499999999999,0.3971826781853985,0.8507000000000001,0.7425,0.42028368416562617,0.9228333333333335,5.665431297265884,6.806318697696175
0.865,,,391.0,A15,constrained,A_clean,0.011593414470553398,20,5865,0.8978344566809634,0.02,light_cnn,False,19.611491347346078,0.9572658734281854,A,15,5865,5865,0.033930116840325146,0.4306464195251465,1.103356659412384,0.6217140147944955,0.0,0.009396492175974602,2002,2026-07-10T17:32:13.157182+00:00,1.277375588331686,0.3931702514896003,0.865,0.865,0.38419867806820035,,,,,,
0.679125,0.670125,,391.0,B10,constrained,79a9d970650ca075328eac6e3b23ac9ca4dde0c73809765057577fdbe3798be9,0.02729477360844612,20,9775,0.5013174017270405,0.003,light_cnn,False,16.46211952010691,0.5272567021482867,B,10,3910,3910,0.14658316089053197,1.132594347000122,4.329958915710449,0.350778593370931,0.4586737325979757,0.004459468839436598,2002,2026-07-10T17:34:05.304613+00:00,3.674821742507808,0.9051567643804623,0.670125,0.670125,0.941243252874614,,,,,,
0.567125,0.558125,0.694,391.0,C8,constrained,79a9d970650ca075328eac6e3b23ac9ca4dde0c73809765057577fdbe3798be9_label_rule,0.016566531732678413,20,12903,0.7535899318754673,0.003,light_cnn,False,3.3392142174393777,0.22969970040691276,C,8,3128,3128,0.10182062652829973,1.1781724691390991,3.5269987881183624,0.3448295385026767,,0.0001360999690632747,2002,2026-07-10T17:35:42.111956+00:00,4.413848610485301,0.9444118398229789,0.700125,0.7001250000000001,0.9008895236095196,0.694,0.501,0.9156356973487069,0.8226666666666667,2.5493467662381843,2.1566600695103033
0.865,,,391.0,A15,high_update,A_clean,0.011593414470553398,20,5865,0.8978344566809634,0.02,light_cnn,False,19.611491347346078,0.9572658734281854,A,15,5865,5865,0.033930116840325146,0.4306464195251465,1.103356659412384,0.6217140147944955,0.0,0.009396492175974602,2002,2026-07-10T17:32:13.157182+00:00,1.277375588331686,0.3931702514896003,0.865,0.865,0.38419867806820035,,,,,,
0.1,0.1,,391.0,B10,high_update,79a9d970650ca075328eac6e3b23ac9ca4dde0c73809765057577fdbe3798be9,0.001827605301514268,20,9775,1.3035926533242066,0.12,light_cnn,False,462.56526433830305,0.20150520592291363,B,10,3910,3910,0.0020053099203432368,2.301704168319702,0.09336013998836279,1.0,1.0,1.0,2002,2026-07-10T17:41:04.675412+00:00,0.08516448807647771,2.304643757812812,0.1,0.1,2.3034623861312866,,,,,,
0.1,0.1,0.1,391.0,C8,high_update,79a9d970650ca075328eac6e3b23ac9ca4dde0c73809765057577fdbe3798be9_label_rule,0.0036773390602320433,20,12903,1.2997568925687422,0.12,light_cnn,False,0.19650351246380424,0.28583189438436735,C,8,3128,3128,0.0040725528152762225,2.3016505241394043,0.0935495188459754,1.0,,1.0,2002,2026-07-10T17:42:40.845627+00:00,0.08556404176746946,2.30465873915826,0.1,0.1,2.3035233497619627,0.1,0.0,2.3035233497619627,0.16666666666666666,0.19650351246380424,0.0
0.865,,,391.0,A15,replay,A_clean,0.011593414470553398,20,5865,0.8978344566809634,0.02,light_cnn,False,19.611491347346078,0.9572658734281854,A,15,5865,5865,0.033930116840325146,0.4306464195251465,1.103356659412384,0.6217140147944955,0.0,0.009396492175974602,2002,2026-07-10T17:32:13.157182+00:00,1.277375588331686,0.3931702514896003,0.865,0.865,0.38419867806820035,,,,,,
0.864625,0.856,,391.0,B10,replay,79a9d970650ca075328eac6e3b23ac9ca4dde0c73809765057577fdbe3798be9,0.010263988748192787,20,9775,0.6894061987598736,0.02,light_cnn,False,11.049998818865,0.9001441442818809,B,10,3910,3910,0.0765249447225181,0.426731675863266,1.3979731351137161,0.48338504578371533,0.13984771651721561,0.0040256970441189255,2002,2026-07-10T17:44:48.542217+00:00,1.2765157782208278,0.4040713904382628,0.856,0.8560000000000001,0.4088285385649359,,,,,,
0.612375,0.60625,0.8425,391.0,C8,replay,79a9d970650ca075328eac6e3b23ac9ca4dde0c73809765057577fdbe3798be9_label_rule,0.007472263183444738,20,12903,0.5905843724807103,0.02,light_cnn,False,7.674541465574994,0.854431859092652,C,8,3128,3128,0.1263890997996711,0.46255263686180115,1.5991372466087341,0.4965609692759495,,0.002837350057134702,2002,2026-07-10T17:46:36.537087+00:00,1.1196916656725853,0.46162139363301075,0.85,0.85,0.43075826120160743,0.8424999999999999,0.703,0.446434011681529,0.9354999999999999,4.694747242341322,6.071073631357021
0.865,,,391.0,A15,standard,A_clean,0.011593414470553398,20,5865,0.8978344566809634,0.02,light_cnn,False,19.611491347346078,0.9572658734281854,A,15,5865,5865,0.033930116840325146,0.4306464195251465,1.103356659412384,0.6217140147944955,0.0,0.009396492175974602,2002,2026-07-10T17:32:13.157182+00:00,1.277375588331686,0.3931702514896003,0.865,0.865,0.38419867806820035,,,,,,
0.859125,0.851875,,391.0,B10,standard,79a9d970650ca075328eac6e3b23ac9ca4dde0c73809765057577fdbe3798be9,0.00899058673530817,20,9775,0.46873950958251953,0.02,light_cnn,False,11.209150254225454,0.8893586806506251,B,10,3910,3910,0.07981482729571623,0.39481639862060547,1.6935112029314041,0.49349747935622623,0.12984998596277164,0.004117029041060261,2002,2026-07-10T17:37:35.214703+00:00,1.2598931649914178,0.4102499247969264,0.851875,0.851875,0.4236191042348955,,,,,,
0.605625,0.59925,0.8539,391.0,C8,standard,79a9d970650ca075328eac6e3b23ac9ca4dde0c73809765057577fdbe3798be9_label_rule,0.010766185820102692,20,12903,0.6938967344661553,0.02,light_cnn,False,8.60532825508347,0.9181775265759247,C,8,3128,3128,0.127779735600286,0.3975830078125,1.5375803709030151,0.5015454194952477,,0.004646547016194935,2002,2026-07-10T17:39:12.273734+00:00,1.2010164309645552,0.386911554333499,0.856,0.8560000000000001,0.40631990342662627,0.8539,0.72475,0.42095100770053095,0.94,5.426982685490628,6.678288202011266
0.855125,,,391.0,A15,constrained,A_clean,0.01614556834101677,20,5865,0.6532584552963574,0.02,light_cnn,False,19.66959813447673,0.9465764398736323,A,15,5865,5865,0.08223945597090487,0.40306875109672546,1.5073540806770325,0.6525616471342643,0.0,0.0035226736025979477,2003,2026-07-10T17:49:18.520350+00:00,1.299327543934288,0.38008133148598244,0.855125,0.8551249999999999,0.3983821932044002,,,,,,
0.715375,0.707125,,391.0,B10,constrained,79a9d970650ca075328eac6e3b23ac9ca4dde0c73809765057577fdbe3798be9,0.017251906916499138,20,9775,0.4722134843468666,0.003,light_cnn,False,16.407832161439014,0.5105253020506136,B,10,3910,3910,0.10304664032842234,1.230422854423523,4.309272766113281,0.3637993647747808,0.45932543639174184,0.0008232004091759393,2003,2026-07-10T17:51:10.750439+00:00,3.43931217419217,0.8996509401999471,0.707125,0.7071249999999999,0.9120322195840418,,,,,,
0.54775,0.548,0.6794,391.0,C8,constrained,79a9d970650ca075328eac6e3b23ac9ca4dde0c73809765057577fdbe3798be9_label_rule,0.010498514398932457,20,12903,0.8126386379202207,0.003,light_cnn,False,3.289434372260992,0.2218191914044163,C,8,3128,3128,0.07459532493965354,1.210205316543579,3.5023993253707886,0.36132425041287275,,0.0005981105938704934,2003,2026-07-10T17:52:47.796383+00:00,3.987783780183329,0.9353990222486999,0.686375,0.6863750000000001,0.9183739840506605,0.6794,0.50875,0.9343880630942178,0.7931666666666667,2.517258295315027,2.1174959655403716
0.855125,,,391.0,A15,high_update,A_clean,0.01614556834101677,20,5865,0.6532584552963574,0.02,light_cnn,False,19.66959813447673,0.9465764398736323,A,15,5865,5865,0.08223945597090487,0.40306875109672546,1.5073540806770325,0.6525616471342643,0.0,0.0035226736025979477,2003,2026-07-10T17:49:18.520350+00:00,1.299327543934288,0.38008133148598244,0.855125,0.8551249999999999,0.3983821932044002,,,,,,
0.776125,0.788875,,391.0,B10,high_update,79a9d970650ca075328eac6e3b23ac9ca4dde0c73809765057577fdbe3798be9,0.11968282610177994,20,9775,0.6529696698416956,0.12,light_cnn,False,97.47473047259206,3.6375540393531534,B,10,3910,3910,0.26865705995459305,0.48620253801345825,1.0002021491527557,0.5468829678520266,0.1452279474296263,0.061875336298085726,2003,2026-07-10T17:58:09.866522+00:00,0.6333274191145397,0.4641907465122545,0.788875,0.788875,0.5503752670566072,,,,,,
0.593,0.592875,0.8443,391.0,C8,high_update,79a9d970650ca075328eac6e3b23ac9ca4dde0c73809765057577fdbe3798be9_label_rule,0.032539475709199905,20,12903,0.8999737572545806,0.12,light_cnn,False,19.69568819501866,2.962636807187614,C,8,3128,3128,0.08344300621314328,0.39144647121429443,0.6693639904260635,0.5567703893325577,,0.023139802241464946,2003,2026-07-10T17:59:47.009864+00:00,0.549630268226804,0.38676830379249494,0.84825,0.84825,0.4137275626117901,0.8442999999999999,0.7357499999999999,0.43334873309437155,0.9166666666666666,10.766792496605703,16.492310717738512
0.855125,,,391.0,A15,replay,A_clean,0.01614556834101677,20,5865,0.6532584552963574,0.02,light_cnn,False,19.66959813447673,0.9465764398736323,A,15,5865,5865,0.08223945597090487,0.40306875109672546,1.5073540806770325,0.6525616471342643,0.0,0.0035226736025979477,2003,2026-07-10T17:49:18.520350+00:00,1.299327543934288,0.38008133148598244,0.855125,0.8551249999999999,0.3983821932044002,,,,,,
0.85025,0.83625,,391.0,B10,replay,79a9d970650ca075328eac6e3b23ac9ca4dde0c73809765057577fdbe3798be9,0.007673534564673901,20,9775,0.6382445047299068,0.02,light_cnn,False,11.022442526930785,0.9341789206393584,B,10,3910,3910,0.08225104057386301,0.44426798820495605,1.6519563794136047,0.5053376346335471,0.12485950638403609,0.005785137240958527,2003,2026-07-10T18:01:53.910946+00:00,1.292087821170802,0.4143214794376012,0.83625,0.83625,0.44456499934394683,,,,,,
0.608375,0.6015,0.8494,391.0,C8,replay,79a9d970650ca075328eac6e3b23ac9ca4dde0c73809765057577fdbe3798be9_label_rule,0.004629327449947596,20,12903,0.9271128457039595,0.02,light_cnn,False,7.728876120881945,0.8054488416074294,C,8,3128,3128,0.035048569085331785,0.4940570890903473,1.2455236613750458,0.5320438843096023,,0.00800839888132121,2003,2026-07-10T18:03:41.959252+00:00,1.1204427012702083,0.4580629935197513,0.85775,0.8577499999999999,0.4210342311804692,0.8493999999999999,0.74125,0.44185520142595397,0.9214999999999999,5.176534320495248,5.7392524356987416
0.855125,,,391.0,A15,standard,A_clean,0.01614556834101677,20,5865,0.6532584552963574,0.02,light_cnn,False,19.66959813447673,0.9465764398736323,A,15,5865,5865,0.08223945597090487,0.40306875109672546,1.5073540806770325,0.6525616471342643,0.0,0.0035226736025979477,2003,2026-07-10T17:49:18.520350+00:00,1.299327543934288,0.38008133148598244,0.855125,0.8551249999999999,0.3983821932044002,,,,,,
0.840625,0.822125,,391.0,B10,standard,79a9d970650ca075328eac6e3b23ac9ca4dde0c73809765057577fdbe3798be9,0.008606428280472755,20,9775,0.4720960954825083,0.02,light_cnn,False,11.209802956237617,0.9380291665564742,B,10,3910,3910,0.14426180077386158,0.44388794898986816,2.0785239934921265,0.492354904044076,0.13937210358220964,0.009959112950249205,2003,2026-07-10T17:54:40.324489+00:00,1.310365727642918,0.4175706554556747,0.822125,0.822125,0.4756749485048659,,,,,,
0.599125,0.59775,0.8503,391.0,C8,standard,79a9d970650ca075328eac6e3b23ac9ca4dde0c73809765057577fdbe3798be9_label_rule,0.01011846773326397,20,12903,0.7790090008638799,0.02,light_cnn,False,8.79423928219159,0.87029754886408,C,8,3128,3128,0.03532749910133086,0.4007793664932251,1.5279459655284882,0.5566099076509652,,0.00765051716933185,2003,2026-07-10T17:56:17.164806+00:00,1.192740665524817,0.38848011405266764,0.8605,0.8605,0.39638007746447385,0.8503000000000001,0.7425,0.4239536350985931,0.9221666666666666,5.695429383706653,6.700800600499355
0.85025,,,391.0,A15,constrained,A_clean,0.009560159407556057,20,5865,0.572033832470576,0.02,light_cnn,False,19.446336410487554,0.8857524356938073,A,15,5865,5865,0.053205396599151356,0.4219695031642914,1.4653975665569305,0.6340405954213665,0.0,0.0024451021049874955,2004,2026-07-10T18:06:23.987535+00:00,1.2969885863306578,0.39359924071432684,0.85025,0.8502500000000002,0.42663477619027435,,,,,,
0.72325,0.698875,,391.0,B10,constrained,79a9d970650ca075328eac6e3b23ac9ca4dde0c73809765057577fdbe3798be9,0.03060501255095005,20,9775,0.4855116754770279,0.003,light_cnn,False,16.088036331885874,0.49036332187822557,B,10,3910,3910,0.09133486847559263,1.1235294342041016,4.089277446269989,0.34351282342740563,0.4770500503008748,0.0007369516405164589,2004,2026-07-10T18:08:16.168632+00:00,3.3745275312067604,0.8800272408043942,0.698875,0.698875,0.8788571417193453,,,,,,
0.5605,0.52825,0.6742,391.0,C8,constrained,79a9d970650ca075328eac6e3b23ac9ca4dde0c73809765057577fdbe3798be9_label_rule,0.017655039206147194,20,12903,0.44467071195443475,0.003,light_cnn,False,3.1949551475194693,0.20647770747631383,C,8,3128,3128,0.0824576339890865,1.1939001083374023,5.060187101364136,0.34308990899994785,,0.0029026335624379174,2004,2026-07-10T18:09:53.109356+00:00,3.899308273859341,0.9227350259680882,0.677875,0.677875,0.9401508906966483,0.6741999999999998,0.497,0.9589013448525511,0.7923333333333332,2.5014551749463894,1.987576514852971
0.85025,,,391.0,A15,high_update,A_clean,0.009560159407556057,20,5865,0.572033832470576,0.02,light_cnn,False,19.446336410487554,0.8857524356938073,A,15,5865,5865,0.053205396599151356,0.4219695031642914,1.4653975665569305,0.6340405954213665,0.0,0.0024451021049874955,2004,2026-07-10T18:06:23.987535+00:00,1.2969885863306578,0.39359924071432684,0.85025,0.8502500000000002,0.42663477619027435,,,,,,
0.1,0.1,,391.0,B10,high_update,79a9d970650ca075328eac6e3b23ac9ca4dde0c73809765057577fdbe3798be9,0.0019266495946794748,20,9775,1.2760361439237993,0.12,light_cnn,False,98.22590587972088,0.20690028806442146,B,10,3910,3910,0.0022065014356910484,2.301607131958008,0.09445249382406473,1.0,1.0,1.0,2004,2026-07-10T18:14:51.160809+00:00,0.08394317378473404,2.304886374022345,0.1,0.1,2.303569793701172,,,,,,
0.1,0.1,0.1,391.0,C8,high_update,79a9d970650ca075328eac6e3b23ac9ca4dde0c73809765057577fdbe3798be9_label_rule,0.001673868508078158,20,12903,1.2709128266821306,0.12,light_cnn,False,0.12284327913940685,0.19280941504612373,C,8,3128,3128,0.0018931696967914883,2.3016207218170166,0.09507525339722633,1.0,,1.0,2004,2026-07-10T18:16:10.401491+00:00,0.0851587522155641,2.3047957334981857,0.1,0.1,2.303540349006653,0.1,0.0,2.303540349006653,0.16666666666666666,0.12284327913940685,0.0
0.85025,,,391.0,A15,replay,A_clean,0.009560159407556057,20,5865,0.572033832470576,0.02,light_cnn,False,19.446336410487554,0.8857524356938073,A,15,5865,5865,0.053205396599151356,0.4219695031642914,1.4653975665569305,0.6340405954213665,0.0,0.0024451021049874955,2004,2026-07-10T18:06:23.987535+00:00,1.2969885863306578,0.39359924071432684,0.85025,0.8502500000000002,0.42663477619027435,,,,,,
0.864375,0.85525,,391.0,B10,replay,79a9d970650ca075328eac6e3b23ac9ca4dde0c73809765057577fdbe3798be9,0.007705886848270893,20,9775,0.743618647257487,0.02,light_cnn,False,10.383395845210593,0.8948441179141372,B,10,3910,3910,0.031178250720144123,0.40643322467803955,1.5792762637138367,0.5136352740675802,0.09667681538798434,0.0033851926406573973,2004,2026-07-10T18:17:49.940760+00:00,1.1979590706965502,0.40139773042153215,0.85525,0.8552500000000001,0.41114040144065134,,,,,,
0.617375,0.612875,0.8515,391.0,C8,replay,79a9d970650ca075328eac6e3b23ac9ca4dde0c73809765057577fdbe3798be9_label_rule,0.004245314281433821,20,12903,0.7964702456568679,0.02,light_cnn,False,7.673717128666244,0.7937718012745617,C,8,3128,3128,0.042004077205201114,0.4713626503944397,1.3345002084970474,0.5150937338403008,,0.004212772355839833,2004,2026-07-10T18:19:15.446450+00:00,1.0369616618851567,0.45743180357891583,0.852125,0.8521250000000002,0.4108941688151988,0.8515,0.7175,0.4211489533329718,0.9408333333333333,5.044434573124979,5.782699577900197
0.85025,,,391.0,A15,standard,A_clean,0.009560159407556057,20,5865,0.572033832470576,0.02,light_cnn,False,19.446336410487554,0.8857524356938073,A,15,5865,5865,0.053205396599151356,0.4219695031642914,1.4653975665569305,0.6340405954213665,0.0,0.0024451021049874955,2004,2026-07-10T18:06:23.987535+00:00,1.2969885863306578,0.39359924071432684,0.85025,0.8502500000000002,0.42663477619027435,,,,,,
0.87075,0.860625,,391.0,B10,standard,79a9d970650ca075328eac6e3b23ac9ca4dde0c73809765057577fdbe3798be9,0.007216370664536953,20,9775,0.8969668298959732,0.02,light_cnn,False,10.844334935787844,0.8997802199318883,B,10,3910,3910,0.056411783171956775,0.4214147925376892,1.318741351366043,0.511675170173481,0.09405238153927975,0.004703408663056963,2004,2026-07-10T18:11:45.990666+00:00,1.2076988435919633,0.40876811193993023,0.860625,0.860625,0.3976905017038947,,,,,,
0.609875,0.608375,0.8518,391.0,C8,standard,79a9d970650ca075328eac6e3b23ac9ca4dde0c73809765057577fdbe3798be9_label_rule,0.008759703487157822,20,12903,0.684662217584749,0.02,light_cnn,False,8.842510505142217,0.8925357697219498,C,8,3128,3128,0.0872776185472299,0.39848244190216064,1.5950481593608856,0.5262123832692949,,0.010965119863986628,2004,2026-07-10T18:13:16.731371+00:00,1.1321423901316454,0.3834755375714558,0.856,0.8560000000000001,0.4044614514474745,0.8517999999999999,0.7277499999999999,0.4194219994741408,0.9345,5.830388240925411,6.648049713534727
0.863375,,,391.0,A15,constrained,A_clean,0.01300493162125349,20,5865,0.6476066410541534,0.02,light_cnn,False,19.576278229852587,0.9143186980503223,A,15,5865,5865,0.0736414595161865,0.382832795381546,1.6537289917469025,0.6432392993590923,0.0,0.003909414595766547,2005,2026-07-10T18:21:50.130624+00:00,1.3258298249043468,0.36977110014242287,0.863375,0.8633749999999999,0.3867022540315608,,,,,,
0.729125,0.717125,,391.0,B10,constrained,79a9d970650ca075328eac6e3b23ac9ca4dde0c73809765057577fdbe3798be9,0.014116999693214893,20,9775,0.9952766907711824,0.003,light_cnn,False,16.387285707881805,0.5168264308464816,B,10,3910,3910,0.03659604170336114,1.1786653995513916,2.95779150724411,0.3817028365587597,0.4894861312591371,0.0010494900512403316,2005,2026-07-10T18:23:36.036192+00:00,3.6408510961191123,0.8962638317166692,0.717125,0.717125,0.874670358424104,,,,,,
0.5675,0.5545,0.6764,391.0,C8,constrained,79a9d970650ca075328eac6e3b23ac9ca4dde0c73809765057577fdbe3798be9_label_rule,0.01304316334426403,20,12903,0.2874163786570231,0.003,light_cnn,False,3.2843897449451833,0.22641975183632512,C,8,3128,3128,0.04893516620271597,1.1716803312301636,5.506680071353912,0.3705688725672406,,0.0007787258131748409,2005,2026-07-10T18:25:06.672825+00:00,3.980719945619783,0.9280904790629512,0.683125,0.6831250000000001,0.9371285857626063,0.6764,0.4335,0.9509001116854372,0.8383333333333334,2.5163516802889734,2.110732152076134
0.863375,,,391.0,A15,high_update,A_clean,0.01300493162125349,20,5865,0.6476066410541534,0.02,light_cnn,False,19.576278229852587,0.9143186980503223,A,15,5865,5865,0.0736414595161865,0.382832795381546,1.6537289917469025,0.6432392993590923,0.0,0.003909414595766547,2005,2026-07-10T18:21:50.130624+00:00,1.3258298249043468,0.36977110014242287,0.863375,0.8633749999999999,0.3867022540315608,,,,,,
0.1,0.1,,391.0,B10,high_update,79a9d970650ca075328eac6e3b23ac9ca4dde0c73809765057577fdbe3798be9,0.004711333196610212,20,9775,1.3042302212367456,0.12,light_cnn,False,272.1415322487109,0.32358271539068856,B,10,3910,3910,0.005156813814392869,2.3007009029388428,0.09316924307495356,1.0,1.0,1.0,2005,2026-07-10T18:29:54.721657+00:00,0.08505752147234918,2.3051798288779493,0.1,0.1,2.3045097829401495,,,,,,
0.1,0.1,0.1,391.0,C8,high_update,79a9d970650ca075328eac6e3b23ac9ca4dde0c73809765057577fdbe3798be9_label_rule,0.0040499563328921795,20,12903,1.2874636985361576,0.12,light_cnn,False,0.20109821235633196,0.2999957360437754,C,8,3128,3128,0.004544575634464277,2.302001953125,0.0942301694303751,1.0,,1.0,2005,2026-07-10T18:31:14.157429+00:00,0.08386906493178871,2.3050815199342227,0.1,0.1,2.303169369161129,0.1,0.0,2.3031693700790403,0.16666666666666666,0.2000070364084291,0.020920717005630973
0.863375,,,391.0,A15,replay,A_clean,0.01300493162125349,20,5865,0.6476066410541534,0.02,light_cnn,False,19.576278229852587,0.9143186980503223,A,15,5865,5865,0.0736414595161865,0.382832795381546,1.6537289917469025,0.6432392993590923,0.0,0.003909414595766547,2005,2026-07-10T18:21:50.130624+00:00,1.3258298249043468,0.36977110014242287,0.863375,0.8633749999999999,0.3867022540315608,,,,,,
0.869875,0.862125,,391.0,B10,replay,79a9d970650ca075328eac6e3b23ac9ca4dde0c73809765057577fdbe3798be9,0.005810228176414967,20,9775,1.0337094652156036,0.02,light_cnn,False,10.589871741040396,0.9020468777032165,B,10,3910,3910,0.09395247741914405,0.4228895306587219,1.2727549076080322,0.49022484694710755,0.13278479195545267,0.014435582187477536,2005,2026-07-10T18:32:54.609503+00:00,1.2868444919586182,0.38991729583581697,0.862125,0.862125,0.3863718578381028,,,,,,
0.601125,0.598125,0.841,391.0,C8,replay,79a9d970650ca075328eac6e3b23ac9ca4dde0c73809765057577fdbe3798be9_label_rule,0.007140918169170618,20,12903,0.6401302143931389,0.02,light_cnn,False,7.404517830321434,0.8314790815922358,C,8,3128,3128,0.08506776785265266,0.4787018299102783,1.5374337434768677,0.5008458011096113,,0.008218686162075994,2005,2026-07-10T18:34:19.399359+00:00,1.1184214970187458,0.45208550741910325,0.8495,0.8495000000000001,0.4341784064802513,0.841,0.7245,0.44853758024167917,0.9186666666666666,4.788684520304208,5.647599920722686
0.863375,,,391.0,A15,standard,A_clean,0.01300493162125349,20,5865,0.6476066410541534,0.02,light_cnn,False,19.576278229852587,0.9143186980503223,A,15,5865,5865,0.0736414595161865,0.382832795381546,1.6537289917469025,0.6432392993590923,0.0,0.003909414595766547,2005,2026-07-10T18:21:50.130624+00:00,1.3258298249043468,0.36977110014242287,0.863375,0.8633749999999999,0.3867022540315608,,,,,,
0.860125,0.851875,,391.0,B10,standard,79a9d970650ca075328eac6e3b23ac9ca4dde0c73809765057577fdbe3798be9,0.010003043338656425,20,9775,0.8772546720380584,0.02,light_cnn,False,10.654843054357459,0.9401673407271974,B,10,3910,3910,0.07161997481827408,0.4377455711364746,1.3450464606285095,0.49533593700262224,0.12905991419858376,0.014432812362050185,2005,2026-07-10T18:26:52.454512+00:00,1.3457995220218473,0.39747119803562797,0.851875,0.8518749999999999,0.4028466226318257,,,,,,
0.593375,0.586875,0.8401,391.0,C8,standard,79a9d970650ca075328eac6e3b23ac9ca4dde0c73809765057577fdbe3798be9_label_rule,0.013847884722054005,20,12903,0.6083404620488484,0.02,light_cnn,False,8.365773810114936,0.9059427408811431,C,8,3128,3128,0.05737989434125175,0.4128069281578064,1.8355228900909424,0.5144183735743395,,0.008806448210987416,2005,2026-07-10T18:28:22.893232+00:00,1.191598446930156,0.37412615676822564,0.844,0.844,0.42572794911269396,0.8401,0.7295,0.44339894019945786,0.9138333333333333,5.313705838881157,6.461478290596144
0.864375,,,391.0,A15,constrained,A_clean,0.008337682113051414,20,5865,0.4024571478366852,0.02,light_cnn,False,19.57189973419659,0.8789200786392032,A,15,5865,5865,0.03788727912681801,0.3572663962841034,1.5625400394201279,0.6394287231004172,0.0,0.004521923801474759,2006,2026-07-10T18:36:53.373128+00:00,1.2509813704301633,0.36868759787753413,0.864375,0.8643750000000001,0.38017016744622434,,,,,,
0.715375,0.700625,,391.0,B10,constrained,79a9d970650ca075328eac6e3b23ac9ca4dde0c73809765057577fdbe3798be9,0.015328322537243366,20,9775,0.5780214400341113,0.003,light_cnn,False,16.104081808155936,0.5235775632224209,B,10,3910,3910,0.04375904170252615,1.1488685607910156,3.887528717517853,0.35526167131401687,0.45085141514691707,0.00042163777242842926,2006,2026-07-10T18:38:38.298795+00:00,3.143964041834292,0.8939007243232044,0.700625,0.700625,0.8914225110303305,,,,,,
0.548,0.53525,0.6756,391.0,C8,constrained,79a9d970650ca075328eac6e3b23ac9ca4dde0c73809765057577fdbe3798be9_label_rule,0.012043370865285397,20,12903,0.6428311952428583,0.003,light_cnn,False,3.386380226513309,0.2282832969143455,C,8,3128,3128,0.04823464841204077,1.1828553676605225,3.8832616806030273,0.35214453279944213,,0.000123920341567052,2006,2026-07-10T18:40:08.696601+00:00,3.8215149866650475,0.9257970153523223,0.68525,0.6852500000000001,0.9103226542922784,0.6756,0.49724999999999997,0.925931234986984,0.7944999999999999,2.6083798161702503,2.159612412706498
0.864375,,,391.0,A15,high_update,A_clean,0.008337682113051414,20,5865,0.4024571478366852,0.02,light_cnn,False,19.57189973419659,0.8789200786392032,A,15,5865,5865,0.03788727912681801,0.3572663962841034,1.5625400394201279,0.6394287231004172,0.0,0.004521923801474759,2006,2026-07-10T18:36:53.373128+00:00,1.2509813704301633,0.36868759787753413,0.864375,0.8643750000000001,0.38017016744622434,,,,,,
0.1,0.1,,391.0,B10,high_update,79a9d970650ca075328eac6e3b23ac9ca4dde0c73809765057577fdbe3798be9,0.0035211206413805485,20,9775,1.2247690297663212,0.12,light_cnn,False,251.41091792485236,0.2796254001312281,B,10,3910,3910,0.003913278967439057,2.2996983528137207,0.09645469672977924,1.0,1.0,1.0,2006,2026-07-10T18:44:58.970524+00:00,0.08691527429596542,2.3049712406704796,0.1,0.1,2.30551221370697,,,,,,
0.1,0.1,0.1,391.0,C8,high_update,79a9d970650ca075328eac6e3b23ac9ca4dde0c73809765057577fdbe3798be9_label_rule,0.0035017195623368025,20,12903,1.1999102539072435,0.12,light_cnn,False,0.2677907628555188,0.27869891556669046,C,8,3128,3128,0.003677170490729338,2.2989025115966797,0.09792182967066765,1.0,,1.0,2006,2026-07-10T18:46:18.068003+00:00,0.08532987774142524,2.3049266063953606,0.1,0.1,2.30633065700531,0.1,0.0,2.30633065700531,0.16666666666666666,0.2677907628555188,0.0
0.864375,,,391.0,A15,replay,A_clean,0.008337682113051414,20,5865,0.4024571478366852,0.02,light_cnn,False,19.57189973419659,0.8789200786392032,A,15,5865,5865,0.03788727912681801,0.3572663962841034,1.5625400394201279,0.6394287231004172,0.0,0.004521923801474759,2006,2026-07-10T18:36:53.373128+00:00,1.2509813704301633,0.36868759787753413,0.864375,0.8643750000000001,0.38017016744622434,,,,,,
0.8615,0.851,,391.0,B10,replay,79a9d970650ca075328eac6e3b23ac9ca4dde0c73809765057577fdbe3798be9,0.002427989151328802,20,9775,0.6840876424685121,0.02,light_cnn,False,10.472036413920158,0.9081414715691939,B,10,3910,3910,0.07000293142918601,0.4277075529098511,1.690738558769226,0.4889655431044606,0.1266494593680325,0.0107714218156173,2006,2026-07-10T18:47:58.907724+00:00,1.2253209652803134,0.3894850161221936,0.851,0.851,0.42031392474190027,,,,,,
0.61225,0.603125,0.8533,391.0,C8,replay,79a9d970650ca075328eac6e3b23ac9ca4dde0c73809765057577fdbe3798be9_label_rule,0.003177172737196088,20,12903,0.8821166651323438,0.02,light_cnn,False,7.560041151159544,0.8156870921082834,C,8,3128,3128,0.04272673181735956,0.4780261516571045,1.1948167979717255,0.5378184015257721,,0.005434244944648614,2006,2026-07-10T18:49:26.932385+00:00,1.1050820948217837,0.4529440612591746,0.862125,0.862125,0.4035422915940892,0.8533,0.7405,0.41636852549862663,0.9285,4.945934910965737,5.717687475170015
0.864375,,,391.0,A15,standard,A_clean,0.008337682113051414,20,5865,0.4024571478366852,0.02,light_cnn,False,19.57189973419659,0.8789200786392032,A,15,5865,5865,0.03788727912681801,0.3572663962841034,1.5625400394201279,0.6394287231004172,0.0,0.004521923801474759,2006,2026-07-10T18:36:53.373128+00:00,1.2509813704301633,0.36868759787753413,0.864375,0.8643750000000001,0.38017016744622434,,,,,,
0.86725,0.85475,,391.0,B10,standard,79a9d970650ca075328eac6e3b23ac9ca4dde0c73809765057577fdbe3798be9,0.0036015205550938845,20,9775,0.7782990671694279,0.02,light_cnn,False,10.706184865817978,0.9395112287853801,B,10,3910,3910,0.07229185988359416,0.4406273066997528,1.535456120967865,0.5104365549947811,0.11250859887999953,0.006703479099204768,2006,2026-07-10T18:41:54.931795+00:00,1.2433622621971627,0.3982339428590082,0.85475,0.8547499999999999,0.4044921886891664,,,,,,
0.611125,0.60375,0.849,391.0,C8,standard,79a9d970650ca075328eac6e3b23ac9ca4dde0c73809765057577fdbe3798be9_label_rule,0.007614010479301214,20,12903,0.7232224351416032,0.02,light_cnn,False,8.41805569984007,0.885059637367892,C,8,3128,3128,0.050791489231559545,0.39978691935539246,1.3564517050981522,0.5323956097932558,,0.0045733488062782435,2006,2026-07-10T18:43:24.917624+00:00,1.1823868868143663,0.3732835435120346,0.85925,0.85925,0.389172855255186,0.849,0.742,0.40888687024059445,0.9203333333333333,5.512747826712636,6.36186082562995
0.851875,,,391.0,A15,constrained,A_clean,0.013684848323464394,20,5865,0.3087565998236338,0.02,light_cnn,False,19.64659713633039,0.9074464501681836,A,15,5865,5865,0.14262063560710564,0.3839111030101776,2.07686248421669,0.6326482227038637,0.0,0.007200983916890502,2007,2026-07-10T18:51:59.644666+00:00,1.3580253005332654,0.37157916111866834,0.851875,0.8518749999999999,0.4113028371126722,,,,,,
0.705125,0.690375,,391.0,B10,constrained,79a9d970650ca075328eac6e3b23ac9ca4dde0c73809765057577fdbe3798be9,0.01455072034150362,20,9775,0.467261885603269,0.003,light_cnn,False,16.474274568593604,0.5351071528790133,B,10,3910,3910,0.05735861287367313,1.1604894399642944,4.035423815250397,0.3803196750555794,0.4142416747224583,0.0007480087714374362,2007,2026-07-10T18:53:45.147541+00:00,3.2547337749729985,0.8795929287400697,0.690375,0.690375,0.9016706328982109,,,,,,
0.555875,0.5355,0.6781,391.0,C8,constrained,79a9d970650ca075328eac6e3b23ac9ca4dde0c73809765057577fdbe3798be9_label_rule,0.01333506591618061,20,12903,0.611196690549453,0.003,light_cnn,False,3.431165220984575,0.24270298704172563,C,8,3128,3128,0.14781885573158834,1.191439151763916,4.078319072723389,0.36963478402175254,,0.0010946735534510532,2007,2026-07-10T18:55:15.682640+00:00,3.927800869088039,0.9229114173013536,0.684875,0.684875,0.9154940391438867,0.6780999999999999,0.4545,0.9309323481208005,0.8271666666666667,2.5876439891328897,2.253218444625055
0.851875,,,391.0,A15,high_update,A_clean,0.013684848323464394,20,5865,0.3087565998236338,0.02,light_cnn,False,19.64659713633039,0.9074464501681836,A,15,5865,5865,0.14262063560710564,0.3839111030101776,2.07686248421669,0.6326482227038637,0.0,0.007200983916890502,2007,2026-07-10T18:51:59.644666+00:00,1.3580253005332654,0.37157916111866834,0.851875,0.8518749999999999,0.4113028371126722,,,,,,
0.1,0.1,,391.0,B10,high_update,79a9d970650ca075328eac6e3b23ac9ca4dde0c73809765057577fdbe3798be9,0.005083327181637287,20,9775,1.2970517799258232,0.12,light_cnn,False,304.2699416387566,0.33606485900403615,B,10,3910,3910,0.005673470642949222,2.302140712738037,0.0936735114082694,1.0,1.0,1.0,2007,2026-07-10T19:00:04.603347+00:00,0.08378828680404769,2.3046070608641487,0.1,0.1,2.3030288457870483,,,,,,
0.1,0.1,0.1,391.0,C8,high_update,79a9d970650ca075328eac6e3b23ac9ca4dde0c73809765057577fdbe3798be9_label_rule,0.0020648613572120667,20,12903,1.2715967341015737,0.12,light_cnn,False,0.14251707389782475,0.2141917506778289,C,8,3128,3128,0.0023862738785063687,2.301666498184204,0.09484611637890339,1.0,,1.0,2007,2026-07-10T19:01:25.162244+00:00,0.08256340091643126,2.3046186921541647,0.1,0.1,2.303512978553772,0.1,0.25,2.303512978553772,0.0,0.14251707389782475,0.0
0.851875,,,391.0,A15,replay,A_clean,0.013684848323464394,20,5865,0.3087565998236338,0.02,light_cnn,False,19.64659713633039,0.9074464501681836,A,15,5865,5865,0.14262063560710564,0.3839111030101776,2.07686248421669,0.6326482227038637,0.0,0.007200983916890502,2007,2026-07-10T18:51:59.644666+00:00,1.3580253005332654,0.37157916111866834,0.851875,0.8518749999999999,0.4113028371126722,,,,,,
0.831625,0.826125,,391.0,B10,replay,79a9d970650ca075328eac6e3b23ac9ca4dde0c73809765057577fdbe3798be9,0.007675446569919586,20,9775,0.289487769206365,0.02,light_cnn,False,10.521755335017975,0.8813438931858563,B,10,3910,3910,0.11639188707120451,0.4117428958415985,2.5882558822631836,0.49539708537093785,0.12448361796833685,0.009625636158549833,2007,2026-07-10T19:03:06.074098+00:00,1.2457206464179642,0.3763527534425716,0.826125,0.826125,0.49484914638837546,,,,,,
0.629625,0.61875,0.8441,391.0,C8,replay,79a9d970650ca075328eac6e3b23ac9ca4dde0c73809765057577fdbe3798be9_label_rule,0.004975344054400921,20,12903,0.6737297115226586,0.02,light_cnn,False,7.697899451467502,0.8268021760347759,C,8,3128,3128,0.04889384285639263,0.456540584564209,1.4768994450569153,0.5333246100129758,,0.008224481183742416,2007,2026-07-10T19:04:32.493294+00:00,1.1162584149624075,0.44332153641659283,0.8465,0.8465,0.4150377615593278,0.8441000000000001,0.7065,0.4282484640353323,0.9358333333333334,4.96161250057349,5.885580460673064
0.851875,,,391.0,A15,standard,A_clean,0.013684848323464394,20,5865,0.3087565998236338,0.02,light_cnn,False,19.64659713633039,0.9074464501681836,A,15,5865,5865,0.14262063560710564,0.3839111030101776,2.07686248421669,0.6326482227038637,0.0,0.007200983916890502,2007,2026-07-10T18:51:59.644666+00:00,1.3580253005332654,0.37157916111866834,0.851875,0.8518749999999999,0.4113028371126722,,,,,,
0.835875,0.835875,,391.0,B10,standard,79a9d970650ca075328eac6e3b23ac9ca4dde0c73809765057577fdbe3798be9,0.007849568501114845,20,9775,0.32076474030812585,0.02,light_cnn,False,10.816158411434664,0.8862699827560785,B,10,3910,3910,0.11255206902405057,0.3939814865589142,2.347313404083252,0.5130874697712482,0.1113086987994012,0.005598739243012352,2007,2026-07-10T18:57:01.644872+00:00,1.2516193130741948,0.3856638041527375,0.835875,0.835875,0.4668935309107702,,,,,,
0.61425,0.605125,0.8495,391.0,C8,standard,79a9d970650ca075328eac6e3b23ac9ca4dde0c73809765057577fdbe3798be9_label_rule,0.005221663508564234,20,12903,0.6789207967619102,0.02,light_cnn,False,8.629807914499564,0.9071881513987878,C,8,3128,3128,0.044900845265009745,0.4014940559864044,1.5580408573150635,0.5489812157927331,,0.009212680148685037,2007,2026-07-10T18:58:31.518049+00:00,1.1694559620316987,0.3727743737685406,0.85375,0.85375,0.39384096602900387,0.8494999999999999,0.7235,0.4119462258486831,0.9335,5.43537308189638,6.7030070939657795
0.8565,,,391.0,A15,constrained,A_clean,0.016553206369280815,20,5865,0.5043530116478603,0.02,light_cnn,False,19.530773894848515,0.9425020342354696,A,15,5865,5865,0.11505957516104426,0.40269023180007935,1.5779135823249817,0.6435817676720541,0.0,0.004505656887766607,2008,2026-07-10T19:07:06.404141+00:00,1.346124831139279,0.3796835832507409,0.8565,0.8564999999999999,0.4115217283629959,,,,,,
0.716,0.697125,,391.0,B10,constrained,79a9d970650ca075328eac6e3b23ac9ca4dde0c73809765057577fdbe3798be9,0.01862790435552597,20,9775,0.39435678720474243,0.003,light_cnn,False,16.083320297760363,0.5098689772355265,B,10,3910,3910,0.0745219400639307,1.1666747331619263,4.282869815826416,0.35944081188173016,0.45569972625296695,0.0016691427339823317,2008,2026-07-10T19:08:50.787128+00:00,3.3207767226202103,0.8849814177474098,0.697125,0.697125,0.8989686961073384,,,,,,
0.567125,0.561875,0.6883,391.0,C8,constrained,79a9d970650ca075328eac6e3b23ac9ca4dde0c73809765057577fdbe3798be9_label_rule,0.006509094033390284,20,12903,0.9539980652431647,0.003,light_cnn,False,3.265028503617579,0.21727933734544677,C,8,3128,3128,0.11502694679160341,1.2005336284637451,3.150864005088806,0.3553894446101802,,0.0003203634972772651,2008,2026-07-10T19:10:20.975601+00:00,3.8408962661957804,0.9319005062817918,0.69575,0.6957500000000001,0.9032077810878764,0.6883,0.47525000000000006,0.9228057838108507,0.8303333333333333,2.4824602989537308,2.1208022051935442
0.8565,,,391.0,A15,high_update,A_clean,0.016553206369280815,20,5865,0.5043530116478603,0.02,light_cnn,False,19.530773894848515,0.9425020342354696,A,15,5865,5865,0.11505957516104426,0.40269023180007935,1.5779135823249817,0.6435817676720541,0.0,0.004505656887766607,2008,2026-07-10T19:07:06.404141+00:00,1.346124831139279,0.3796835832507409,0.8565,0.8564999999999999,0.4115217283629959,,,,,,
0.8385,0.823125,,391.0,B10,high_update,79a9d970650ca075328eac6e3b23ac9ca4dde0c73809765057577fdbe3798be9,0.10367050021886826,20,9775,0.9981926296216747,0.12,light_cnn,False,130.50995336990175,3.637084670312122,B,10,3910,3910,0.11655923912968291,0.5247578024864197,0.7082187384366989,0.47539800081648176,0.24959765833804237,0.014662946965056989,2008,2026-07-10T19:15:12.776897+00:00,0.6836962359945488,0.5295794535323483,0.823125,0.8231249999999999,0.509026537715044,,,,,,
0.6025,0.59625,0.8242,391.0,C8,high_update,79a9d970650ca075328eac6e3b23ac9ca4dde0c73809765057577fdbe3798be9_label_rule,0.06357145309448242,20,12903,0.925875618432959,0.12,light_cnn,False,19.98133331247651,3.1917423990284757,C,8,3128,3128,0.1205882142470652,0.4621875584125519,0.6812163889408112,0.5025639738065285,,0.04557827777498513,2008,2026-07-10T19:16:32.099174+00:00,0.6302575558195334,0.4681183881771839,0.83775,0.83775,0.47297444273504347,0.8241999999999999,0.69675,0.49988885473137507,0.9091666666666667,10.710470349124451,16.868298842645913
0.8565,,,391.0,A15,replay,A_clean,0.016553206369280815,20,5865,0.5043530116478603,0.02,light_cnn,False,19.530773894848515,0.9425020342354696,A,15,5865,5865,0.11505957516104426,0.40269023180007935,1.5779135823249817,0.6435817676720541,0.0,0.004505656887766607,2008,2026-07-10T19:07:06.404141+00:00,1.346124831139279,0.3796835832507409,0.8565,0.8564999999999999,0.4115217283629959,,,,,,
0.874375,0.862125,,391.0,B10,replay,79a9d970650ca075328eac6e3b23ac9ca4dde0c73809765057577fdbe3798be9,0.006165757309645414,20,9775,0.9244647212326527,0.02,light_cnn,False,9.98338246475899,0.866080750616044,B,10,3910,3910,0.04487847838518552,0.39908891916275024,1.2702540159225464,0.4934689939238637,0.12169961827743347,0.0045541057036389,2008,2026-07-10T19:18:13.883233+00:00,1.2433712398609542,0.3836955553125542,0.862125,0.8621250000000001,0.38895165669763676,,,,,,
0.61,0.60575,0.8625,391.0,C8,replay,79a9d970650ca075328eac6e3b23ac9ca4dde0c73809765057577fdbe3798be9_label_rule,0.004264230374246836,20,12903,0.8480638042092323,0.02,light_cnn,False,7.916130524627219,0.8143234798358632,C,8,3128,3128,0.033262123260780554,0.4779420495033264,1.2470961511135101,0.5240903333817988,,0.0028989676713003787,2008,2026-07-10T19:19:40.102790+00:00,1.1150550135718587,0.44623575437709195,0.867875,0.8678750000000001,0.40228381410732084,0.8625,0.749,0.41644205300397824,0.9381666666666667,5.214368199609655,5.95613018341896
0.8565,,,391.0,A15,standard,A_clean,0.016553206369280815,20,5865,0.5043530116478603,0.02,light_cnn,False,19.530773894848515,0.9425020342354696,A,15,5865,5865,0.11505957516104426,0.40269023180007935,1.5779135823249817,0.6435817676720541,0.0,0.004505656887766607,2008,2026-07-10T19:07:06.404141+00:00,1.346124831139279,0.3796835832507409,0.8565,0.8564999999999999,0.4115217283629959,,,,,,
0.868125,0.858,,391.0,B10,standard,79a9d970650ca075328eac6e3b23ac9ca4dde0c73809765057577fdbe3798be9,0.006216396111994982,20,9775,0.8506921290730437,0.02,light_cnn,False,10.273685861674206,0.8698300266525547,B,10,3910,3910,0.03946522771503453,0.4046609699726105,1.3364247381687164,0.5024677576111527,0.11128355479170493,0.003921882366955232,2008,2026-07-10T19:12:07.365110+00:00,1.2343474141014812,0.38927010284817737,0.858,0.858,0.3999986655712992,,,,,,
0.603,0.5985,0.864,391.0,C8,standard,79a9d970650ca075328eac6e3b23ac9ca4dde0c73809765057577fdbe3798be9_label_rule,0.01175611186772585,20,12903,0.8065954667205611,0.02,light_cnn,False,8.973700043193642,0.9002181316700371,C,8,3128,3128,0.03383201192977042,0.39635300636291504,1.3106105476617813,0.5236586904954791,,0.004199655475284003,2008,2026-07-10T19:13:37.671210+00:00,1.1866236214747514,0.37126066068859054,0.86925,0.8692500000000001,0.3770244219789131,0.8639999999999999,0.7609999999999999,0.39434226258782,0.9326666666666666,5.634693339155222,6.984090738162938
0.868625,,,391.0,A15,constrained,A_clean,0.010241838172078133,20,5865,0.7504178052768111,0.02,light_cnn,False,20.091381187938218,0.9140295047064001,A,15,5865,5865,0.025315892751527763,0.34834811091423035,1.3249330669641495,0.6417859040964173,0.0,0.0018589074348988044,2009,2026-07-10T19:22:13.390639+00:00,1.224037001962247,0.35841973918630643,0.868625,0.868625,0.36517436087304345,,,,,,
0.7075,0.700125,,391.0,B10,constrained,79a9d970650ca075328eac6e3b23ac9ca4dde0c73809765057577fdbe3798be9,0.029579509049654007,20,9775,0.77366345996658,0.003,light_cnn,False,16.664436928138844,0.541354072536137,B,10,3910,3910,0.05398037099722395,1.1882779598236084,3.381398379802704,0.3560688403746092,0.4446273417388291,0.0004808214441555103,2009,2026-07-10T19:23:58.132982+00:00,3.4844499661794406,0.885417680911091,0.700125,0.7001250000000001,0.8824650216338851,,,,,,
0.60175,0.572875,0.6326,391.0,C8,constrained,79a9d970650ca075328eac6e3b23ac9ca4dde0c73809765057577fdbe3798be9_label_rule,0.012491322122514248,20,12903,0.21155646443367004,0.003,light_cnn,False,3.4572980522517147,0.24785377273954382,C,8,3128,3128,0.2408868504291488,1.145970344543457,7.1621057987213135,0.35301318861174547,,0.0004636630398990871,2009,2026-07-10T19:25:28.081646+00:00,4.030912731309681,0.9240302423686932,0.6355,0.6355,1.0239920968507432,0.6326,0.4065,1.042464561146137,0.7833333333333333,2.568596999246627,2.3141346714408657
0.868625,,,391.0,A15,high_update,A_clean,0.010241838172078133,20,5865,0.7504178052768111,0.02,light_cnn,False,20.091381187938218,0.9140295047064001,A,15,5865,5865,0.025315892751527763,0.34834811091423035,1.3249330669641495,0.6417859040964173,0.0,0.0018589074348988044,2009,2026-07-10T19:22:13.390639+00:00,1.224037001962247,0.35841973918630643,0.868625,0.868625,0.36517436087304345,,,,,,
0.8435,0.839125,,391.0,B10,high_update,79a9d970650ca075328eac6e3b23ac9ca4dde0c73809765057577fdbe3798be9,0.0670061856508255,20,9775,0.5954037408034007,0.12,light_cnn,False,45.09092875203641,3.4442406480387464,B,10,3910,3910,0.10076115308289052,0.38590261340141296,0.8001906275749207,0.5949167830823556,0.1315545111528309,0.038875258131314094,2009,2026-07-10T19:30:17.446950+00:00,0.6045421906901748,0.4191788970052129,0.839125,0.8391249999999999,0.4469538828265374,,,,,,
0.61275,0.6075,0.8438,391.0,C8,high_update,79a9d970650ca075328eac6e3b23ac9ca4dde0c73809765057577fdbe3798be9_label_rule,0.03544488549232483,20,12903,0.5801816036303837,0.12,light_cnn,False,18.928605784109145,3.0612521853285792,C,8,3128,3128,0.13449758647787402,0.3248133361339569,0.8567990958690643,0.5892622849163123,,0.053100555577768604,2009,2026-07-10T19:31:36.517082+00:00,0.5376946056819023,0.3641236824224062,0.854625,0.8546250000000001,0.4213174694347681,0.8438000000000001,0.7130000000000001,0.44043107857385977,0.931,10.365102188204226,15.838458686320905
0.868625,,,391.0,A15,replay,A_clean,0.010241838172078133,20,5865,0.7504178052768111,0.02,light_cnn,False,20.091381187938218,0.9140295047064001,A,15,5865,5865,0.025315892751527763,0.34834811091423035,1.3249330669641495,0.6417859040964173,0.0,0.0018589074348988044,2009,2026-07-10T19:22:13.390639+00:00,1.224037001962247,0.35841973918630643,0.868625,0.868625,0.36517436087304345,,,,,,
0.86425,0.8585,,391.0,B10,replay,79a9d970650ca075328eac6e3b23ac9ca4dde0c73809765057577fdbe3798be9,0.00707975123077631,20,9775,0.6393782782057922,0.02,light_cnn,False,9.996866602134565,0.8497507595347211,B,10,3910,3910,0.04788294686272224,0.40494710206985474,1.4996102452278137,0.49326777623343876,0.11361251927049065,0.0033258384339368563,2009,2026-07-10T19:33:17.543752+00:00,1.1722016935153385,0.37821497339421833,0.8585,0.8584999999999999,0.3977075122825178,,,,,,
0.641,0.63375,0.8262,391.0,C8,replay,79a9d970650ca075328eac6e3b23ac9ca4dde0c73809765057577fdbe3798be9_label_rule,0.004836157895624638,20,12903,0.41353488961855567,0.02,light_cnn,False,7.321247979792754,0.7960185573055463,C,8,3128,3128,0.08414489805269092,0.4143163859844208,1.613422468304634,0.5280932838004883,,0.006809904751193696,2009,2026-07-10T19:34:43.742018+00:00,1.0370623301667021,0.44218545024047423,0.83175,0.8317500000000001,0.43077544766078935,0.8262,0.65625,0.4466061553725808,0.9394999999999999,4.763876411897727,5.559330311627825
0.868625,,,391.0,A15,standard,A_clean,0.010241838172078133,20,5865,0.7504178052768111,0.02,light_cnn,False,20.091381187938218,0.9140295047064001,A,15,5865,5865,0.025315892751527763,0.34834811091423035,1.3249330669641495,0.6417859040964173,0.0,0.0018589074348988044,2009,2026-07-10T19:22:13.390639+00:00,1.224037001962247,0.35841973918630643,0.868625,0.868625,0.36517436087304345,,,,,,
0.86,0.856875,,391.0,B10,standard,79a9d970650ca075328eac6e3b23ac9ca4dde0c73809765057577fdbe3798be9,0.007161443587392569,20,9775,0.5753595481316249,0.02,light_cnn,False,10.143622943640873,0.8574602597638332,B,10,3910,3910,0.06336547569299311,0.40398770570755005,1.576418548822403,0.49329187621464987,0.11040912778388501,0.002854036937770199,2009,2026-07-10T19:27:13.710455+00:00,1.1859670901847312,0.38665287078494004,0.856875,0.8568749999999999,0.40321789757552007,,,,,,
0.612,0.605875,0.853,391.0,C8,standard,79a9d970650ca075328eac6e3b23ac9ca4dde0c73809765057577fdbe3798be9_label_rule,0.007139887660741806,20,12903,0.5076412533720334,0.02,light_cnn,False,8.387160058062506,0.8957270017339407,C,8,3128,3128,0.09702863958909624,0.3678956627845764,1.5766622126102448,0.5365125099745665,,0.008648577368952304,2009,2026-07-10T19:28:43.428616+00:00,1.099676596157996,0.3721129754010369,0.85875,0.85875,0.390065749749187,0.853,0.7315,0.4101687865582372,0.934,5.08180759691984,6.672307351092789
0.871625,,,391.0,A15,constrained,A_clean,0.00915944017469883,20,5865,0.7663404022653898,0.02,light_cnn,False,19.61369495024867,0.9183375220955794,A,15,5865,5865,0.04556899379696898,0.4043630063533783,1.32489675283432,0.6182724858597756,0.0,0.004608341726287324,2010,2026-07-10T19:37:16.689413+00:00,1.330432869741679,0.37755831249077304,0.871625,0.8716250000000001,0.37987786928670486,,,,,,
0.72025,0.700375,,391.0,B10,constrained,79a9d970650ca075328eac6e3b23ac9ca4dde0c73809765057577fdbe3798be9,0.025227760896086693,20,9775,0.6918417103588581,0.003,light_cnn,False,16.242407723906837,0.5297327213560877,B,10,3910,3910,0.06702827618134355,1.1619884967803955,3.95803964138031,0.3605853222401064,0.407496452434155,0.0005081550200177753,2010,2026-07-10T19:39:01.242362+00:00,3.372416794757404,0.8839371390354908,0.700375,0.700375,0.8854378009057037,,,,,,
0.5655,0.55675,0.6795,391.0,C8,constrained,79a9d970650ca075328eac6e3b23ac9ca4dde0c73809765057577fdbe3798be9_label_rule,0.008586746640503407,20,12903,0.6044162108252447,0.003,light_cnn,False,3.3394603258787634,0.22096921905770703,C,8,3128,3128,0.07334119733812863,1.1530781984329224,3.9128851294517517,0.35393478555058966,,0.0010994707265393755,2010,2026-07-10T19:40:31.467086+00:00,4.472170394095008,0.9350481420526724,0.686875,0.686875,0.9155711171369985,0.6795,0.49949999999999994,0.9312658397223684,0.7995000000000001,2.5444382500963876,2.1628289945265506
0.871625,,,391.0,A15,high_update,A_clean,0.00915944017469883,20,5865,0.7663404022653898,0.02,light_cnn,False,19.61369495024867,0.9183375220955794,A,15,5865,5865,0.04556899379696898,0.4043630063533783,1.32489675283432,0.6182724858597756,0.0,0.004608341726287324,2010,2026-07-10T19:37:16.689413+00:00,1.330432869741679,0.37755831249077304,0.871625,0.8716250000000001,0.37987786928670486,,,,,,
0.72625,0.728875,,391.0,B10,high_update,79a9d970650ca075328eac6e3b23ac9ca4dde0c73809765057577fdbe3798be9,0.8088328242301941,20,9775,0.6526196325818698,0.12,light_cnn,False,498.0275647282386,3.9509748336949286,B,10,3910,3910,0.2190892911146297,0.722728967666626,0.879005640745163,0.6030093380469435,0.1923563561448638,0.03864241057782214,2010,2026-07-10T19:45:21.960879+00:00,0.7348351463332505,0.7131533671522994,0.728875,0.728875,0.7570151237143982,,,,,,
0.58125,0.581125,0.7855,391.0,C8,high_update,79a9d970650ca075328eac6e3b23ac9ca4dde0c73809765057577fdbe3798be9_label_rule,0.21898894011974335,20,12903,0.5678734630346298,0.12,light_cnn,False,18.520979567215356,3.318443635955083,C,8,3128,3128,0.07731459320368735,0.4956543445587158,0.8602948635816574,0.6050987916222341,,0.029320318836288384,2010,2026-07-10T19:46:41.546341+00:00,0.6629467354253735,0.5724158780958951,0.789125,0.7891250000000001,0.6050442820198669,0.7855000000000001,0.64625,0.6214172449139796,0.8783333333333334,8.98232207524171,16.19705449351314
0.871625,,,391.0,A15,replay,A_clean,0.00915944017469883,20,5865,0.7663404022653898,0.02,light_cnn,False,19.61369495024867,0.9183375220955794,A,15,5865,5865,0.04556899379696898,0.4043630063533783,1.32489675283432,0.6182724858597756,0.0,0.004608341726287324,2010,2026-07-10T19:37:16.689413+00:00,1.330432869741679,0.37755831249077304,0.871625,0.8716250000000001,0.37987786928670486,,,,,,
0.869125,0.8605,,391.0,B10,replay,79a9d970650ca075328eac6e3b23ac9ca4dde0c73809765057577fdbe3798be9,0.011289825662970543,20,9775,0.7617093670802811,0.02,light_cnn,False,11.183825806721126,0.8946621454090491,B,10,3910,3910,0.05445312634536162,0.3720470070838928,1.5244025886058807,0.503609585493461,0.10812176376632643,0.002141261607506495,2010,2026-07-10T19:48:24.844588+00:00,1.1496379192527908,0.3844320144113677,0.8605,0.8605,0.4040393162040458,,,,,,
0.616,0.612625,0.8494,391.0,C8,replay,79a9d970650ca075328eac6e3b23ac9ca4dde0c73809765057577fdbe3798be9_label_rule,0.004104931838810444,20,12903,0.5855698262651761,0.02,light_cnn,False,7.640001725827451,0.8013464295202384,C,8,3128,3128,0.05727556004730739,0.4295833706855774,1.5954095870256424,0.5246478132563619,,0.007070080163730785,2010,2026-07-10T19:49:51.601800+00:00,1.0492039353341398,0.44857567823146616,0.85025,0.85025,0.42596817066074544,0.8493999999999999,0.7077500000000001,0.43690381097352576,0.9438333333333332,4.939661317810357,5.8283250111824145
0.871625,,,391.0,A15,standard,A_clean,0.00915944017469883,20,5865,0.7663404022653898,0.02,light_cnn,False,19.61369495024867,0.9183375220955794,A,15,5865,5865,0.04556899379696898,0.4043630063533783,1.32489675283432,0.6182724858597756,0.0,0.004608341726287324,2010,2026-07-10T19:37:16.689413+00:00,1.330432869741679,0.37755831249077304,0.871625,0.8716250000000001,0.37987786928670486,,,,,,
0.859875,0.853125,,391.0,B10,standard,79a9d970650ca075328eac6e3b23ac9ca4dde0c73809765057577fdbe3798be9,0.009396569803357124,20,9775,0.7414014167152345,0.02,light_cnn,False,13.842907524379592,0.9220930407540738,B,10,3910,3910,0.034743010907146966,0.39118075370788574,1.5020776987075806,0.5285367940426511,0.10077731540192902,0.0032987581764810647,2010,2026-07-10T19:42:17.269637+00:00,1.106075211330448,0.4096847244769411,0.853125,0.853125,0.4216725884062315,,,,,,
0.6135,0.607375,0.8543,391.0,C8,standard,79a9d970650ca075328eac6e3b23ac9ca4dde0c73809765057577fdbe3798be9_label_rule,0.006022043991833925,20,12903,0.6218154110635321,0.02,light_cnn,False,8.66167382624204,0.8638562323655923,C,8,3128,3128,0.05663405605164719,0.3560035228729248,1.564277395606041,0.5117896400384538,,0.00661853243009658,2010,2026-07-10T19:43:47.241686+00:00,1.1058573119170831,0.3792502247082913,0.858625,0.858625,0.40207565703214154,0.8543,0.7282500000000001,0.41729879261755304,0.9383333333333334,5.529971762504803,6.666633766610098
