seed,condition,complete,preC_sha256,wall_seconds,device,git_sha,config_sha256,code_tree_sha256
2001,constrained,True,bcb16add570ec905b88e3a6e35ba2e6b93bf57fe6c408a5f22a39188584f6e81,482.3228881669929,mps,02d78d2b2cb1d0bf6ad49a224c5350effc541a27,90c0aeb56419663f0f805abf6f92e8202409198eb4647f0a821b1b7717ab2b01,101ab1fbdc9bc714ae2b51f42f9b4863808949ce8f26a5f42d8b9f5447da8403
2001,standard,True,405fc027d43282bab12d6e6822c3ff6e96c4d562e059fb6101a29810c623b309,262.4975985419587,mps,02d78d2b2cb1d0bf6ad49a224c5350effc541a27,90c0aeb56419663f0f805abf6f92e8202409198eb4647f0a821b1b7717ab2b01,101ab1fbdc9bc714ae2b51f42f9b4863808949ce8f26a5f42d8b9f5447da8403
2001,high_update,True,6d55069b759751d171b83d16b30dcf15079510ed2bb80749e679ee082e81ba43,254.47269149997737,mps,02d78d2b2cb1d0bf6ad49a224c5350effc541a27,90c0aeb56419663f0f805abf6f92e8202409198eb4647f0a821b1b7717ab2b01,101ab1fbdc9bc714ae2b51f42f9b4863808949ce8f26a5f42d8b9f5447da8403
2001,replay,True,44ddaddcdf6736f6bf13cde144795506cf52ad126813e8b66d3df3826eef5f18,288.1906779999845,mps,02d78d2b2cb1d0bf6ad49a224c5350effc541a27,90c0aeb56419663f0f805abf6f92e8202409198eb4647f0a821b1b7717ab2b01,101ab1fbdc9bc714ae2b51f42f9b4863808949ce8f26a5f42d8b9f5447da8403
2002,constrained,True,35684dfd1d34f6bfb3a8433f8a72e9d5cddcb9c6bf6da0092e6a33951f41c7b8,371.8730313749984,mps,02d78d2b2cb1d0bf6ad49a224c5350effc541a27,90c0aeb56419663f0f805abf6f92e8202409198eb4647f0a821b1b7717ab2b01,101ab1fbdc9bc714ae2b51f42f9b4863808949ce8f26a5f42d8b9f5447da8403
2002,standard,True,a15749534552bd693e30c102c635d98bf1d6780137807156b074abfb584c9b08,210.14840741601074,mps,02d78d2b2cb1d0bf6ad49a224c5350effc541a27,90c0aeb56419663f0f805abf6f92e8202409198eb4647f0a821b1b7717ab2b01,101ab1fbdc9bc714ae2b51f42f9b4863808949ce8f26a5f42d8b9f5447da8403
2002,high_update,True,d65f262fd62580045906e582779249ec364f70d47934f49532c7d9f176b62dab,208.58400337497005,mps,02d78d2b2cb1d0bf6ad49a224c5350effc541a27,90c0aeb56419663f0f805abf6f92e8202409198eb4647f0a821b1b7717ab2b01,101ab1fbdc9bc714ae2b51f42f9b4863808949ce8f26a5f42d8b9f5447da8403
2002,replay,True,4cda770a26d5bb61e578953ad9b434c8c38815ab4a19c57776f160445f0e02cf,235.64281133300392,mps,02d78d2b2cb1d0bf6ad49a224c5350effc541a27,90c0aeb56419663f0f805abf6f92e8202409198eb4647f0a821b1b7717ab2b01,101ab1fbdc9bc714ae2b51f42f9b4863808949ce8f26a5f42d8b9f5447da8403
2003,constrained,True,cf216019e3ed3576cd5c01ed6d499d88e431b6b0bd73db0b37d3eca9af836424,371.2718221670366,mps,02d78d2b2cb1d0bf6ad49a224c5350effc541a27,90c0aeb56419663f0f805abf6f92e8202409198eb4647f0a821b1b7717ab2b01,101ab1fbdc9bc714ae2b51f42f9b4863808949ce8f26a5f42d8b9f5447da8403
2003,standard,True,6b637a590c64bd5706a000d875a3dfae5f53de9c91c0a268549dc6790dd3c558,209.41704679100076,mps,02d78d2b2cb1d0bf6ad49a224c5350effc541a27,90c0aeb56419663f0f805abf6f92e8202409198eb4647f0a821b1b7717ab2b01,101ab1fbdc9bc714ae2b51f42f9b4863808949ce8f26a5f42d8b9f5447da8403
2003,high_update,True,6702cd6503ab7c1c353943230f85232d7f5fb1b3a9398b2ac90b95f30be85235,209.85218233399792,mps,02d78d2b2cb1d0bf6ad49a224c5350effc541a27,90c0aeb56419663f0f805abf6f92e8202409198eb4647f0a821b1b7717ab2b01,101ab1fbdc9bc714ae2b51f42f9b4863808949ce8f26a5f42d8b9f5447da8403
2003,replay,True,b2f433fd3ee5ac7298f1f04dcb31d4f6c33ad291a8c0ea5b6b2d2640cfbd0a3e,234.8587225410156,mps,02d78d2b2cb1d0bf6ad49a224c5350effc541a27,90c0aeb56419663f0f805abf6f92e8202409198eb4647f0a821b1b7717ab2b01,101ab1fbdc9bc714ae2b51f42f9b4863808949ce8f26a5f42d8b9f5447da8403
2004,constrained,True,117e65b2e6dc647725557312fa288d2a6b702ee6e978578e5e9b71cf9ff4a0bb,371.22481754201,mps,02d78d2b2cb1d0bf6ad49a224c5350effc541a27,90c0aeb56419663f0f805abf6f92e8202409198eb4647f0a821b1b7717ab2b01,101ab1fbdc9bc714ae2b51f42f9b4863808949ce8f26a5f42d8b9f5447da8403
2004,standard,True,983821f82aa53f95b22691fb5078a3f58b695ee3ed8560d712e83fb3bb942282,203.36301395797636,mps,02d78d2b2cb1d0bf6ad49a224c5350effc541a27,90c0aeb56419663f0f805abf6f92e8202409198eb4647f0a821b1b7717ab2b01,101ab1fbdc9bc714ae2b51f42f9b4863808949ce8f26a5f42d8b9f5447da8403
2004,high_update,True,b0580128c1200ab3a309c7f853e0be34969e71a8cc1babe2e644e6dd38894115,173.68084937502863,mps,02d78d2b2cb1d0bf6ad49a224c5350effc541a27,90c0aeb56419663f0f805abf6f92e8202409198eb4647f0a821b1b7717ab2b01,101ab1fbdc9bc714ae2b51f42f9b4863808949ce8f26a5f42d8b9f5447da8403
2004,replay,True,0a3bf9d036161cce55af7d8a407e00588b615e54e9654bdcad78b27d518b97c6,185.07145129103446,mps,02d78d2b2cb1d0bf6ad49a224c5350effc541a27,90c0aeb56419663f0f805abf6f92e8202409198eb4647f0a821b1b7717ab2b01,101ab1fbdc9bc714ae2b51f42f9b4863808949ce8f26a5f42d8b9f5447da8403
2005,constrained,True,f6e8168926fb746fed2cd741b9813430dbae4cbb469789be685c68b36c370b32,351.20541941700503,mps,02d78d2b2cb1d0bf6ad49a224c5350effc541a27,90c0aeb56419663f0f805abf6f92e8202409198eb4647f0a821b1b7717ab2b01,101ab1fbdc9bc714ae2b51f42f9b4863808949ce8f26a5f42d8b9f5447da8403
2005,standard,True,4a2c9d984c4262dd8bb40052926202e8b823bee56f061937170a3d8805a8bb5e,196.20128762500826,mps,02d78d2b2cb1d0bf6ad49a224c5350effc541a27,90c0aeb56419663f0f805abf6f92e8202409198eb4647f0a821b1b7717ab2b01,101ab1fbdc9bc714ae2b51f42f9b4863808949ce8f26a5f42d8b9f5447da8403
2005,high_update,True,4c980fa79c1bee9617b98361c23d81cafe9189afca46a533907e379379a31b9f,171.29253241600236,mps,02d78d2b2cb1d0bf6ad49a224c5350effc541a27,90c0aeb56419663f0f805abf6f92e8202409198eb4647f0a821b1b7717ab2b01,101ab1fbdc9bc714ae2b51f42f9b4863808949ce8f26a5f42d8b9f5447da8403
2005,replay,True,7b33586dd51966422341481b651f63de0fd2b1f64f332f6d74767dcf78e93a4c,185.20588112500263,mps,02d78d2b2cb1d0bf6ad49a224c5350effc541a27,90c0aeb56419663f0f805abf6f92e8202409198eb4647f0a821b1b7717ab2b01,101ab1fbdc9bc714ae2b51f42f9b4863808949ce8f26a5f42d8b9f5447da8403
2006,constrained,True,d559abe2d5b56020a7523d4e9a4de0b6c1f77b9c6d8c423ae011a010de757814,349.3079413329833,mps,02d78d2b2cb1d0bf6ad49a224c5350effc541a27,90c0aeb56419663f0f805abf6f92e8202409198eb4647f0a821b1b7717ab2b01,101ab1fbdc9bc714ae2b51f42f9b4863808949ce8f26a5f42d8b9f5447da8403
2006,standard,True,54f977faec5903b1d4233c607d968efc1e68a0eda7d849e61c823bfd6e94e4e5,196.21190504200058,mps,02d78d2b2cb1d0bf6ad49a224c5350effc541a27,90c0aeb56419663f0f805abf6f92e8202409198eb4647f0a821b1b7717ab2b01,101ab1fbdc9bc714ae2b51f42f9b4863808949ce8f26a5f42d8b9f5447da8403
2006,high_update,True,7057ac76e8fd49a29e082b991279fa31c6c1648b241a530e9f00a80c14a25a8f,173.1343475410249,mps,02d78d2b2cb1d0bf6ad49a224c5350effc541a27,90c0aeb56419663f0f805abf6f92e8202409198eb4647f0a821b1b7717ab2b01,101ab1fbdc9bc714ae2b51f42f9b4863808949ce8f26a5f42d8b9f5447da8403
2006,replay,True,6835d48e42facc7188516c2f3ad8255abcd0854f74fe8e2298676a388802fbd3,188.90339074999793,mps,02d78d2b2cb1d0bf6ad49a224c5350effc541a27,90c0aeb56419663f0f805abf6f92e8202409198eb4647f0a821b1b7717ab2b01,101ab1fbdc9bc714ae2b51f42f9b4863808949ce8f26a5f42d8b9f5447da8403
2007,constrained,True,5bf616f90a49337d9bc5b6f98d8073f124deb25c13f93ffa558f1d613c0e281d,348.7536507080076,mps,02d78d2b2cb1d0bf6ad49a224c5350effc541a27,90c0aeb56419663f0f805abf6f92e8202409198eb4647f0a821b1b7717ab2b01,101ab1fbdc9bc714ae2b51f42f9b4863808949ce8f26a5f42d8b9f5447da8403
2007,standard,True,ba7ec4ad26766cdf0693f07b7a224f4c59ac39e56482bcc336f48916591ff88d,195.85544112499338,mps,02d78d2b2cb1d0bf6ad49a224c5350effc541a27,90c0aeb56419663f0f805abf6f92e8202409198eb4647f0a821b1b7717ab2b01,101ab1fbdc9bc714ae2b51f42f9b4863808949ce8f26a5f42d8b9f5447da8403
2007,high_update,True,519a5d22ba70dd07085c580b225269571e1e4bf1aa95d095ee6ffca67ca5ea73,173.61535958299646,mps,02d78d2b2cb1d0bf6ad49a224c5350effc541a27,90c0aeb56419663f0f805abf6f92e8202409198eb4647f0a821b1b7717ab2b01,101ab1fbdc9bc714ae2b51f42f9b4863808949ce8f26a5f42d8b9f5447da8403
2007,replay,True,093ee1361679eeebeef38277b70be6ef71ce030dc88e98597d8663fd945119a9,187.41929274995346,mps,02d78d2b2cb1d0bf6ad49a224c5350effc541a27,90c0aeb56419663f0f805abf6f92e8202409198eb4647f0a821b1b7717ab2b01,101ab1fbdc9bc714ae2b51f42f9b4863808949ce8f26a5f42d8b9f5447da8403
2008,constrained,True,7532851603263635f0dcaf61130c66441e614d720d875b7bed9b67f39bf17417,348.47087229101453,mps,02d78d2b2cb1d0bf6ad49a224c5350effc541a27,90c0aeb56419663f0f805abf6f92e8202409198eb4647f0a821b1b7717ab2b01,101ab1fbdc9bc714ae2b51f42f9b4863808949ce8f26a5f42d8b9f5447da8403
2008,standard,True,3cb911b3ed149bc5e1ace52d4f05b68ada300d2920885e2b06a52b0a36f9f283,196.70559391600545,mps,02d78d2b2cb1d0bf6ad49a224c5350effc541a27,90c0aeb56419663f0f805abf6f92e8202409198eb4647f0a821b1b7717ab2b01,101ab1fbdc9bc714ae2b51f42f9b4863808949ce8f26a5f42d8b9f5447da8403
2008,high_update,True,62a70e409d13871bc403bf855a98cdf190a267f37f3f9f0c6abeb729a589abc5,174.42821983294562,mps,02d78d2b2cb1d0bf6ad49a224c5350effc541a27,90c0aeb56419663f0f805abf6f92e8202409198eb4647f0a821b1b7717ab2b01,101ab1fbdc9bc714ae2b51f42f9b4863808949ce8f26a5f42d8b9f5447da8403
2008,replay,True,13de9f382b57a952bee370ba76cbc51af801d67bce7d1a6bb824e49df6e515aa,188.0002737090108,mps,02d78d2b2cb1d0bf6ad49a224c5350effc541a27,90c0aeb56419663f0f805abf6f92e8202409198eb4647f0a821b1b7717ab2b01,101ab1fbdc9bc714ae2b51f42f9b4863808949ce8f26a5f42d8b9f5447da8403
2009,constrained,True,f517777f9ccbcdb2889ee5c0da884944f3ab0c754e4c7862d223b415d10b879f,347.98865283397026,mps,02d78d2b2cb1d0bf6ad49a224c5350effc541a27,90c0aeb56419663f0f805abf6f92e8202409198eb4647f0a821b1b7717ab2b01,101ab1fbdc9bc714ae2b51f42f9b4863808949ce8f26a5f42d8b9f5447da8403
2009,standard,True,c1dbb766605a8026d23fe080222f3242d5d02aebc4885638097303c5b3a82dc5,195.32101516699186,mps,02d78d2b2cb1d0bf6ad49a224c5350effc541a27,90c0aeb56419663f0f805abf6f92e8202409198eb4647f0a821b1b7717ab2b01,101ab1fbdc9bc714ae2b51f42f9b4863808949ce8f26a5f42d8b9f5447da8403
2009,high_update,True,be4f553c8dd656916ad9f98a8188cfd57224a00acb72e17199b336ff2d050762,173.09973283304134,mps,02d78d2b2cb1d0bf6ad49a224c5350effc541a27,90c0aeb56419663f0f805abf6f92e8202409198eb4647f0a821b1b7717ab2b01,101ab1fbdc9bc714ae2b51f42f9b4863808949ce8f26a5f42d8b9f5447da8403
2009,replay,True,2853a51ba203c0c5b12ad5197e6a12cc633a46e1c0fc42b10eaf43ffafb65ecf,187.23313999996753,mps,02d78d2b2cb1d0bf6ad49a224c5350effc541a27,90c0aeb56419663f0f805abf6f92e8202409198eb4647f0a821b1b7717ab2b01,101ab1fbdc9bc714ae2b51f42f9b4863808949ce8f26a5f42d8b9f5447da8403
2010,constrained,True,0f9ee7d9c00485e45fcadddda0110c93a00cfd9ca74f5c15e26ad2e1acfd636c,347.7096678329981,mps,02d78d2b2cb1d0bf6ad49a224c5350effc541a27,90c0aeb56419663f0f805abf6f92e8202409198eb4647f0a821b1b7717ab2b01,101ab1fbdc9bc714ae2b51f42f9b4863808949ce8f26a5f42d8b9f5447da8403
2010,standard,True,8e126f958016ff1487d6780ee3578f90d5fc636d2b576a65262f636c0283fee9,195.77369270898635,mps,02d78d2b2cb1d0bf6ad49a224c5350effc541a27,90c0aeb56419663f0f805abf6f92e8202409198eb4647f0a821b1b7717ab2b01,101ab1fbdc9bc714ae2b51f42f9b4863808949ce8f26a5f42d8b9f5447da8403
2010,high_update,True,3391955d39783caca51f5e96cbd8bc9a7807e45f1c999b2f84ab85fe950ed77a,174.30934475001413,mps,02d78d2b2cb1d0bf6ad49a224c5350effc541a27,90c0aeb56419663f0f805abf6f92e8202409198eb4647f0a821b1b7717ab2b01,101ab1fbdc9bc714ae2b51f42f9b4863808949ce8f26a5f42d8b9f5447da8403
2010,replay,True,cfd524f32177e3acf45b46caaef73e06b96e2e479bd7975ffe2515b9fe5d89b3,190.05317920801463,mps,02d78d2b2cb1d0bf6ad49a224c5350effc541a27,90c0aeb56419663f0f805abf6f92e8202409198eb4647f0a821b1b7717ab2b01,101ab1fbdc9bc714ae2b51f42f9b4863808949ce8f26a5f42d8b9f5447da8403
