recording_id,rec_key,animal,condition,source_path,accepted_roi_count,duration_s_used,frame_count_used,N_G1,group_size_G1,group_n_G1,group_min_G1,group_median_G1,group_max_G1,q_max_G1,N_G2,group_size_G2,group_n_G2,group_min_G2,group_median_G2,group_max_G2,q_max_G2,N_G3,group_size_G3,group_n_G3,group_min_G3,group_median_G3,group_max_G3,q_max_G3
37527:awa:20181224-awake imaging GCaMP6f mouse #37527:2,000_37527_awa_9ad8bf08f8,37527,awa,Anesthesia/calcium_imaging/20181224-awake imaging GCaMP6f mouse #37527/2/suite2p/plane0,141,300.0,9000,141,1,141,1,1.0,1,0.6523753835320155,47,3,47,3,3.0,3,0.519182888184699,24,6,24,3,6.0,6,0.42643229166666663
37527:awa:20181224-awake imaging GCaMP6f mouse #37527:3,001_37527_awa_c1641c02d8,37527,awa,Anesthesia/calcium_imaging/20181224-awake imaging GCaMP6f mouse #37527/3/suite2p/plane0,174,300.0,9000,174,1,174,1,1.0,1,0.6258133505086537,44,4,44,2,4.0,4,0.5044550619834711,25,7,25,6,7.0,7,0.4598000000000001
37527:awa:20190410 - awake imaging GCaMP6f mouse #37527:2,002_37527_awa_0aa947c4cb,37527,awa,Anesthesia/calcium_imaging/20190410 - awake imaging GCaMP6f mouse #37527/2/suite2p/plane0,196,300.0,9000,196,1,196,1,1.0,1,0.6103999635568517,49,4,49,4,4.0,4,0.3899416909620992,25,8,25,4,8.0,8,0.2972
37527:awa:20190410 - awake imaging GCaMP6f mouse #37527:3,003_37527_awa_4237a43a5f,37527,awa,Anesthesia/calcium_imaging/20190410 - awake imaging GCaMP6f mouse #37527/3/suite2p/plane0,150,300.0,9000,150,1,150,1,1.0,1,0.4804111111111111,50,3,50,3,3.0,3,0.32230000000000003,25,6,25,6,6.0,6,0.27240000000000003
37527:awa:20190410 - awake imaging GCaMP6f mouse #37527:4,004_37527_awa_45e2b5cf1e,37527,awa,Anesthesia/calcium_imaging/20190410 - awake imaging GCaMP6f mouse #37527/4/suite2p/plane0,228,300.0,9000,228,1,228,1,1.0,1,0.7290272006771312,46,5,46,3,5.0,5,0.4157608695652174,23,10,23,8,10.0,10,0.3887051039697542
37527:awa:20190410 - awake imaging GCaMP6f mouse #37527:5,005_37527_awa_02062d2143,37527,awa,Anesthesia/calcium_imaging/20190410 - awake imaging GCaMP6f mouse #37527/5/suite2p/plane0,280,300.0,9000,280,1,280,1,1.0,1,0.7444993622448979,47,6,47,4,6.0,6,0.3697940244454505,24,12,24,4,12.0,12,0.302734375
37527:awa:20190410 - awake imaging GCaMP6f mouse #37527:6,006_37527_awa_fbb2451fc8,37527,awa,Anesthesia/calcium_imaging/20190410 - awake imaging GCaMP6f mouse #37527/6/suite2p/plane0,218,300.0,9000,218,1,218,1,1.0,1,0.6154416715764667,44,5,44,3,5.0,5,0.38649276859504134,25,9,25,2,9.0,9,0.2828
37527:iso:20181206-imaging GCaMP6f mouse #37527 under isoflurane:2,007_37527_iso_6cab1297b7,37527,iso,Anesthesia/calcium_imaging/20181206-imaging GCaMP6f mouse #37527 under isoflurane/2/suite2p/plane0,582,300.0,9000,582,1,582,1,1.0,1,0.7344397651185035,49,12,49,6,12.0,12,0.5444085797584339,25,24,25,6,24.0,24,0.4086000000000001
37527:iso:20181206-imaging GCaMP6f mouse #37527 under isoflurane:3,008_37527_iso_b3ac00a7c6,37527,iso,Anesthesia/calcium_imaging/20181206-imaging GCaMP6f mouse #37527 under isoflurane/3/suite2p/plane0,624,300.0,9000,624,1,624,1,1.0,1,0.778311965811966,48,13,48,13,13.0,13,0.4850802951388889,25,25,25,24,25.0,25,0.3338
37527:iso:20181206-imaging GCaMP6f mouse #37527 under isoflurane:4,009_37527_iso_dfaea8cced,37527,iso,Anesthesia/calcium_imaging/20181206-imaging GCaMP6f mouse #37527 under isoflurane/4/suite2p/plane0,635,300.0,9000,635,1,635,1,1.0,1,0.7946717093434188,49,13,49,11,13.0,13,0.5249895876718035,25,26,25,11,26.0,26,0.45659999999999995
37527:iso:20181206-imaging GCaMP6f mouse #37527 under isoflurane:5,010_37527_iso_22ef2a2f7f,37527,iso,Anesthesia/calcium_imaging/20181206-imaging GCaMP6f mouse #37527 under isoflurane/5/suite2p/plane0,652,300.0,9000,652,1,652,1,1.0,1,0.7480763530806578,47,14,47,8,14.0,14,0.4776482571299231,25,27,25,4,27.0,27,0.43900000000000006
37527:iso:20190417 - imaging GCaMP6f mouse #37527 under iso:2,011_37527_iso_baedf2ce35,37527,iso,Anesthesia/calcium_imaging/20190417 - imaging GCaMP6f mouse #37527 under iso/2/suite2p/plane0,637,300.0,9000,637,1,637,1,1.0,1,0.7667429005172891,49,13,49,13,13.0,13,0.36916909620991256,25,26,25,13,26.0,26,0.3126
37527:iso:20190417 - imaging GCaMP6f mouse #37527 under iso:3,012_37527_iso_724aaa0893,37527,iso,Anesthesia/calcium_imaging/20190417 - imaging GCaMP6f mouse #37527 under iso/3/suite2p/plane0,548,300.0,9000,548,1,548,1,1.0,1,0.6985446414300176,50,11,50,9,11.0,11,0.37295,25,22,25,20,22.0,22,0.2982
37527:iso:20190417 - imaging GCaMP6f mouse #37527 under iso:4,013_37527_iso_1da0cd066a,37527,iso,Anesthesia/calcium_imaging/20190417 - imaging GCaMP6f mouse #37527 under iso/4/suite2p/plane0,595,300.0,9000,595,1,595,1,1.0,1,0.6482617752983547,50,12,50,7,12.0,12,0.3898000000000001,25,24,25,19,24.0,24,0.28600000000000003
37527:iso:20190417 - imaging GCaMP6f mouse #37527 under iso:5,014_37527_iso_bc64190a94,37527,iso,Anesthesia/calcium_imaging/20190417 - imaging GCaMP6f mouse #37527 under iso/5/suite2p/plane0,603,300.0,9000,603,1,603,1,1.0,1,0.8062630462942334,47,13,47,5,13.0,13,0.41630828429153466,25,25,25,3,25.0,25,0.31619999999999987
37527:iso:20190417 - imaging GCaMP6f mouse #37527 under iso:6,015_37527_iso_f760c0c11f,37527,iso,Anesthesia/calcium_imaging/20190417 - imaging GCaMP6f mouse #37527 under iso/6/suite2p/plane0,610,300.0,9000,610,1,610,1,1.0,1,0.7183394920720236,47,13,47,12,13.0,13,0.42026935264825716,25,25,25,10,25.0,25,0.3302
37528:awa:20181224-awake imaging GCaMP6f mouse #37528:2,016_37528_awa_b6374dc331,37528,awa,Anesthesia/calcium_imaging/20181224-awake imaging GCaMP6f mouse #37528/2/suite2p/plane0,305,300.0,9000,305,1,305,1,1.0,1,0.8389115829078206,44,7,44,4,7.0,7,0.4460227272727274,24,13,24,6,13.0,13,0.3700086805555556
37528:awa:20181224-awake imaging GCaMP6f mouse #37528:3,017_37528_awa_d037bfc052,37528,awa,Anesthesia/calcium_imaging/20181224-awake imaging GCaMP6f mouse #37528/3/suite2p/plane0,376,300.0,9000,376,1,376,1,1.0,1,0.8588727931190585,47,8,47,8,8.0,8,0.48851290176550477,24,16,24,8,16.0,16,0.3687065972222222
37528:awa:20190410 - awake imaging GCaMP6f mouse #37528:2,018_37528_awa_35ef7202d3,37528,awa,Anesthesia/calcium_imaging/20190410 - awake imaging GCaMP6f mouse #37528/2/suite2p/plane0,400,300.0,9000,400,1,400,1,1.0,1,0.8456234375,50,8,50,8,8.0,8,0.5387500000000001,25,16,25,16,16.0,16,0.34280000000000005
37528:awa:20190410 - awake imaging GCaMP6f mouse #37528:3,019_37528_awa_39ea3b3a55,37528,awa,Anesthesia/calcium_imaging/20190410 - awake imaging GCaMP6f mouse #37528/3/suite2p/plane0,463,300.0,9000,463,1,463,1,1.0,1,0.8137726303709958,47,10,47,3,10.0,10,0.452806699864192,25,19,25,7,19.0,19,0.49460000000000004
37528:awa:20190410 - awake imaging GCaMP6f mouse #37528:4,020_37528_awa_539ec7034a,37528,awa,Anesthesia/calcium_imaging/20190410 - awake imaging GCaMP6f mouse #37528/4/suite2p/plane0,467,300.0,9000,467,1,467,1,1.0,1,0.883317705157069,47,10,47,7,10.0,10,0.4838727931190584,25,19,25,11,19.0,19,0.4702
37528:awa:20190410 - awake imaging GCaMP6f mouse #37528:5,021_37528_awa_b8aea94c99,37528,awa,Anesthesia/calcium_imaging/20190410 - awake imaging GCaMP6f mouse #37528/5/suite2p/plane0,486,300.0,9000,486,1,486,1,1.0,1,0.8858490406272757,49,10,49,6,10.0,10,0.5223344439816744,25,20,25,6,20.0,20,0.3874
37528:awa:20190410 - awake imaging GCaMP6f mouse #37528:6,022_37528_awa_7b2cf51846,37528,awa,Anesthesia/calcium_imaging/20190410 - awake imaging GCaMP6f mouse #37528/6/suite2p/plane0,469,300.0,9000,469,1,469,1,1.0,1,0.8895952009674444,47,10,47,9,10.0,10,0.5278406518786781,25,19,25,13,19.0,19,0.38560000000000005
37528:iso:20181206-imaging GCaMP6f mouse #37528 under isoflurane:2,023_37528_iso_a3440b9f65,37528,iso,Anesthesia/calcium_imaging/20181206-imaging GCaMP6f mouse #37528 under isoflurane/2/suite2p/plane0,461,300.0,9000,461,1,461,1,1.0,1,0.7435612245378103,47,10,47,1,10.0,10,0.5116002716161159,25,19,25,5,19.0,19,0.44559999999999994
37528:iso:20181206-imaging GCaMP6f mouse #37528 under isoflurane:3,024_37528_iso_43970d52c2,37528,iso,Anesthesia/calcium_imaging/20181206-imaging GCaMP6f mouse #37528 under isoflurane/3/suite2p/plane0,466,300.0,9000,466,1,466,1,1.0,1,0.7281061771261214,47,10,47,6,10.0,10,0.6090991398822997,25,19,25,10,19.0,19,0.4922000000000001
37528:iso:20181206-imaging GCaMP6f mouse #37528 under isoflurane:4,025_37528_iso_ec75b365c2,37528,iso,Anesthesia/calcium_imaging/20181206-imaging GCaMP6f mouse #37528 under isoflurane/4/suite2p/plane0,505,300.0,9000,505,1,505,1,1.0,1,0.8464503480050977,46,11,46,10,11.0,11,0.48712192816635164,25,21,25,1,21.0,21,0.40740000000000004
37528:iso:20181206-imaging GCaMP6f mouse #37528 under isoflurane:5,026_37528_iso_4cfac14ab7,37528,iso,Anesthesia/calcium_imaging/20181206-imaging GCaMP6f mouse #37528 under isoflurane/5/suite2p/plane0,431,300.0,9000,431,1,431,1,1.0,1,0.8505707602779915,48,9,48,8,9.0,9,0.5349392361111112,24,18,24,17,18.0,18,0.41080729166666663
37528:iso:20190417 - imaging GCaMP6f mouse #37528 under iso:2,027_37528_iso_7e23ec99b6,37528,iso,Anesthesia/calcium_imaging/20190417 - imaging GCaMP6f mouse #37528 under iso/2/suite2p/plane0,460,300.0,9000,460,1,460,1,1.0,1,0.6722938327032136,46,10,46,10,10.0,10,0.355328449905482,25,19,25,4,19.0,19,0.2914
37528:iso:20190417 - imaging GCaMP6f mouse #37528 under iso:3,028_37528_iso_8a41432053,37528,iso,Anesthesia/calcium_imaging/20190417 - imaging GCaMP6f mouse #37528 under iso/3/suite2p/plane0,458,300.0,9000,458,1,458,1,1.0,1,0.8432792328521578,46,10,46,8,10.0,10,0.5223889413988658,25,19,25,2,19.0,19,0.40900000000000003
37528:iso:20190417 - imaging GCaMP6f mouse #37528 under iso:4,029_37528_iso_b843e387f9,37528,iso,Anesthesia/calcium_imaging/20190417 - imaging GCaMP6f mouse #37528 under iso/4/suite2p/plane0,418,300.0,9000,418,1,418,1,1.0,1,0.8591063620338362,47,9,47,4,9.0,9,0.5514373019465821,25,17,25,10,17.0,17,0.369
37528:iso:20190417 - imaging GCaMP6f mouse #37528 under iso:5,030_37528_iso_2db74621f1,37528,iso,Anesthesia/calcium_imaging/20190417 - imaging GCaMP6f mouse #37528 under iso/5/suite2p/plane0,447,300.0,9000,447,1,447,1,1.0,1,0.7882089895850538,50,9,50,6,9.0,9,0.47740000000000005,25,18,25,15,18.0,18,0.4014
37528:iso:20190417 - imaging GCaMP6f mouse #37528 under iso:6,031_37528_iso_be3e1bf19a,37528,iso,Anesthesia/calcium_imaging/20190417 - imaging GCaMP6f mouse #37528 under iso/6/suite2p/plane0,501,300.0,9000,501,1,501,1,1.0,1,0.7867493555802569,46,11,46,6,11.0,11,0.5420014177693762,24,21,24,18,21.0,21,0.31901041666666674
37529:awa:20181224-awake imaging GCaMP6f mouse #37529:2,032_37529_awa_6d9ff22b4f,37529,awa,Anesthesia/calcium_imaging/20181224-awake imaging GCaMP6f mouse #37529/2/suite2p/plane0,221,300.0,9000,221,1,221,1,1.0,1,0.6248310845396287,45,5,45,1,5.0,5,0.5438271604938272,25,9,25,5,9.0,9,0.3903999999999999
37529:awa:20181224-awake imaging GCaMP6f mouse #37529:3,033_37529_awa_e63a7dc4a9,37529,awa,Anesthesia/calcium_imaging/20181224-awake imaging GCaMP6f mouse #37529/3/suite2p/plane0,395,300.0,9000,395,1,395,1,1.0,1,0.6333007530844421,50,8,50,3,8.0,8,0.44965000000000005,25,16,25,11,16.0,16,0.3254
37529:awa:20190410 - awake imaging GCaMP6f mouse #37529:2,034_37529_awa_a05060e6d7,37529,awa,Anesthesia/calcium_imaging/20190410 - awake imaging GCaMP6f mouse #37529/2/suite2p/plane0,207,300.0,9000,207,1,207,1,1.0,1,0.680701416602488,42,5,42,2,5.0,5,0.45826247165532874,23,9,23,9,9.0,9,0.31309073724007563
37529:awa:20190410 - awake imaging GCaMP6f mouse #37529:3,035_37529_awa_7802b63a97,37529,awa,Anesthesia/calcium_imaging/20190410 - awake imaging GCaMP6f mouse #37529/3/suite2p/plane0,232,300.0,9000,232,1,232,1,1.0,1,0.5874493720273486,47,5,47,2,5.0,5,0.41421457673155276,24,10,24,2,10.0,10,0.34895833333333337
37529:awa:20190410 - awake imaging GCaMP6f mouse #37529:4,036_37529_awa_c4629aefa9,37529,awa,Anesthesia/calcium_imaging/20190410 - awake imaging GCaMP6f mouse #37529/4/suite2p/plane0,248,300.0,9000,248,1,248,1,1.0,1,0.6672716408688867,50,5,50,3,5.0,5,0.36910000000000004,25,10,25,8,10.0,10,0.26039999999999996
37529:awa:20190410 - awake imaging GCaMP6f mouse #37529:5,037_37529_awa_4b589232ae,37529,awa,Anesthesia/calcium_imaging/20190410 - awake imaging GCaMP6f mouse #37529/5/suite2p/plane0,216,300.0,9000,216,1,216,1,1.0,1,0.662730945644719,44,5,44,1,5.0,5,0.3471720041322314,24,9,24,9,9.0,9,0.30186631944444453
37529:iso:20181206-imaging GCaMP6f mouse #37529 under isoflurane:2,038_37529_iso_fd60e008e4,37529,iso,Anesthesia/calcium_imaging/20181206-imaging GCaMP6f mouse #37529 under isoflurane/2/suite2p/plane0,364,300.0,9000,364,1,364,1,1.0,1,0.6720146268566602,46,8,46,4,8.0,8,0.47406663516068054,25,15,25,4,15.0,15,0.3368
37529:iso:20181206-imaging GCaMP6f mouse #37529 under isoflurane:3,039_37529_iso_143d35d935,37529,iso,Anesthesia/calcium_imaging/20181206-imaging GCaMP6f mouse #37529 under isoflurane/3/suite2p/plane0,389,300.0,9000,389,1,389,1,1.0,1,0.6965614488405443,49,8,49,5,8.0,8,0.37900874635568516,25,16,25,5,16.0,16,0.3194
37529:iso:20181206-imaging GCaMP6f mouse #37529 under isoflurane:4,040_37529_iso_d64b979e3e,37529,iso,Anesthesia/calcium_imaging/20181206-imaging GCaMP6f mouse #37529 under isoflurane/4/suite2p/plane0,346,300.0,9000,346,1,346,1,1.0,1,0.692389697283571,50,7,50,3,7.0,7,0.4244000000000001,25,14,25,10,14.0,14,0.32060000000000005
37529:iso:20181206-imaging GCaMP6f mouse #37529 under isoflurane:5,041_37529_iso_085001ecd2,37529,iso,Anesthesia/calcium_imaging/20181206-imaging GCaMP6f mouse #37529 under isoflurane/5/suite2p/plane0,450,300.0,9000,450,1,450,1,1.0,1,0.7180722222222222,50,9,50,9,9.0,9,0.3942,25,18,25,18,18.0,18,0.33940000000000003
37529:iso:20190417 - imaging GCaMP6f mouse #37529 under iso:2,042_37529_iso_a5c38d8579,37529,iso,Anesthesia/calcium_imaging/20190417 - imaging GCaMP6f mouse #37529 under iso/2/suite2p/plane0,580,300.0,9000,580,1,580,1,1.0,1,0.6015565546967896,49,12,49,4,12.0,12,0.40467513536026656,25,24,25,4,24.0,24,0.30360000000000004
37529:iso:20190417 - imaging GCaMP6f mouse #37529 under iso:3,043_37529_iso_10d26e045b,37529,iso,Anesthesia/calcium_imaging/20190417 - imaging GCaMP6f mouse #37529 under iso/3/suite2p/plane0,433,300.0,9000,433,1,433,1,1.0,1,0.7160466747382511,49,9,49,1,9.0,9,0.3836942940441483,25,18,25,1,18.0,18,0.274
37529:iso:20190417 - imaging GCaMP6f mouse #37529 under iso:4,044_37529_iso_aed7b60ecc,37529,iso,Anesthesia/calcium_imaging/20190417 - imaging GCaMP6f mouse #37529 under iso/4/suite2p/plane0,453,300.0,9000,453,1,453,1,1.0,1,0.6406005584550385,46,10,46,3,10.0,10,0.35509215500945185,24,19,24,16,19.0,19,0.30447048611111116
37529:iso:20190417 - imaging GCaMP6f mouse #37529 under iso:5,045_37529_iso_fc1081f39e,37529,iso,Anesthesia/calcium_imaging/20190417 - imaging GCaMP6f mouse #37529 under iso/5/suite2p/plane0,493,300.0,9000,493,1,493,1,1.0,1,0.6796016441129157,50,10,50,3,10.0,10,0.38565000000000005,25,20,25,13,20.0,20,0.2866
37529:iso:20190417 - imaging GCaMP6f mouse #37529 under iso:6,046_37529_iso_e473e4fa26,37529,iso,Anesthesia/calcium_imaging/20190417 - imaging GCaMP6f mouse #37529 under iso/6/suite2p/plane0,548,300.0,9000,548,1,548,1,1.0,1,0.6652641989450693,50,11,50,9,11.0,11,0.37850000000000006,25,22,25,20,22.0,22,0.2846
37530:awa:20181224-awake imaging GCaMP6f mouse #37530:2,047_37530_awa_3f76c22a96,37530,awa,Anesthesia/calcium_imaging/20181224-awake imaging GCaMP6f mouse #37530/2/suite2p/plane0,387,300.0,9000,387,1,387,1,1.0,1,0.8381173674124818,49,8,49,3,8.0,8,0.47063723448563105,25,16,25,3,16.0,16,0.3353999999999999
37530:awa:20181224-awake imaging GCaMP6f mouse #37530:3,048_37530_awa_a6e95ca332,37530,awa,Anesthesia/calcium_imaging/20181224-awake imaging GCaMP6f mouse #37530/3/suite2p/plane0,437,300.0,9000,437,1,437,1,1.0,1,0.8289414774125645,49,9,49,5,9.0,9,0.5204081632653061,25,18,25,5,18.0,18,0.4546
37530:awa:20190410 - awake imaging GCaMP6f mouse #37530:2,049_37530_awa_13e398ade1,37530,awa,Anesthesia/calcium_imaging/20190410 - awake imaging GCaMP6f mouse #37530/2/suite2p/plane0,381,300.0,9000,381,1,381,1,1.0,1,0.8230516461032922,48,8,48,5,8.0,8,0.4820421006944445,24,16,24,13,16.0,16,0.39192708333333337
37530:awa:20190410 - awake imaging GCaMP6f mouse #37530:3,050_37530_awa_583c8d322a,37530,awa,Anesthesia/calcium_imaging/20190410 - awake imaging GCaMP6f mouse #37530/3/suite2p/plane0,421,300.0,9000,421,1,421,1,1.0,1,0.8339365609537297,47,9,47,7,9.0,9,0.49179492983250345,25,17,25,13,17.0,17,0.31620000000000004
37530:awa:20190410 - awake imaging GCaMP6f mouse #37530:4,051_37530_awa_d8fee6677b,37530,awa,Anesthesia/calcium_imaging/20190410 - awake imaging GCaMP6f mouse #37530/4/suite2p/plane0,437,300.0,9000,437,1,437,1,1.0,1,0.8290187150794109,49,9,49,5,9.0,9,0.48422532278217406,25,18,25,5,18.0,18,0.3474
37530:awa:20190410 - awake imaging GCaMP6f mouse #37530:5,052_37530_awa_4d219a3e5e,37530,awa,Anesthesia/calcium_imaging/20190410 - awake imaging GCaMP6f mouse #37530/5/suite2p/plane0,436,300.0,9000,436,1,436,1,1.0,1,0.8293572721151419,49,9,49,4,9.0,9,0.4903685964181591,25,18,25,4,18.0,18,0.40020000000000006
37530:iso:20181206-imaging GCaMP6f mouse #37530 under isoflurane:2,053_37530_iso_f0c85befed,37530,iso,Anesthesia/calcium_imaging/20181206-imaging GCaMP6f mouse #37530 under isoflurane/2/suite2p/plane0,375,300.0,9000,375,1,375,1,1.0,1,0.6890515555555558,47,8,47,7,8.0,8,0.4272295156179267,25,15,25,15,15.0,15,0.3611999999999999
37530:iso:20181206-imaging GCaMP6f mouse #37530 under isoflurane:3,054_37530_iso_6d18a7bdcd,37530,iso,Anesthesia/calcium_imaging/20181206-imaging GCaMP6f mouse #37530 under isoflurane/3/suite2p/plane0,351,300.0,9000,351,1,351,1,1.0,1,0.7788400662332285,44,8,44,7,8.0,8,0.5114927685950413,24,15,24,6,15.0,15,0.46462673611111116
37530:iso:20181206-imaging GCaMP6f mouse #37530 under isoflurane:4,055_37530_iso_72915d445c,37530,iso,Anesthesia/calcium_imaging/20181206-imaging GCaMP6f mouse #37530 under isoflurane/4/suite2p/plane0,417,300.0,9000,417,1,417,1,1.0,1,0.7825818481905119,47,9,47,3,9.0,9,0.5014146672702581,25,17,25,9,17.0,17,0.3964
37530:iso:20181206-imaging GCaMP6f mouse #37530 under isoflurane:5,056_37530_iso_2c501b91ef,37530,iso,Anesthesia/calcium_imaging/20181206-imaging GCaMP6f mouse #37530 under isoflurane/5/suite2p/plane0,499,300.0,9000,499,1,499,1,1.0,1,0.7937919928032419,50,10,50,9,10.0,10,0.4701,25,20,25,19,20.0,20,0.3354
37530:iso:20190417 - imaging GCaMP6f mouse #37530 under iso:2,057_37530_iso_d5132e9021,37530,iso,Anesthesia/calcium_imaging/20190417 - imaging GCaMP6f mouse #37530 under iso/2/suite2p/plane0,419,300.0,9000,419,1,419,1,1.0,1,0.7585760789697028,47,9,47,5,9.0,9,0.46004979628791304,25,17,25,11,17.0,17,0.3966
37530:iso:20190417 - imaging GCaMP6f mouse #37530 under iso:3,058_37530_iso_1fd33bd23f,37530,iso,Anesthesia/calcium_imaging/20190417 - imaging GCaMP6f mouse #37530 under iso/3/suite2p/plane0,479,300.0,9000,479,1,479,1,1.0,1,0.8350915921740228,48,10,48,9,10.0,10,0.39838324652777785,24,20,24,19,20.0,20,0.31032986111111116
37530:iso:20190417 - imaging GCaMP6f mouse #37530 under iso:4,059_37530_iso_b2a0a37831,37530,iso,Anesthesia/calcium_imaging/20190417 - imaging GCaMP6f mouse #37530 under iso/4/suite2p/plane0,522,300.0,9000,522,1,522,1,1.0,1,0.8166227191321326,48,11,48,5,11.0,11,0.4835611979166667,25,21,25,18,21.0,21,0.35279999999999995
37530:iso:20190417 - imaging GCaMP6f mouse #37530 under iso:5,060_37530_iso_851ef84e67,37530,iso,Anesthesia/calcium_imaging/20190417 - imaging GCaMP6f mouse #37530 under iso/5/suite2p/plane0,494,300.0,9000,494,1,494,1,1.0,1,0.7324923371961515,50,10,50,4,10.0,10,0.39774999999999994,25,20,25,14,20.0,20,0.40240000000000004
37530:iso:20190417 - imaging GCaMP6f mouse #37530 under iso:6,061_37530_iso_872f5dffb3,37530,iso,Anesthesia/calcium_imaging/20190417 - imaging GCaMP6f mouse #37530 under iso/6/suite2p/plane0,594,300.0,9000,594,1,594,1,1.0,1,0.8004777715425865,50,12,50,6,12.0,12,0.48985,25,24,25,18,24.0,24,0.3444
48:awa:20190608_GCaMP6f_48_quiet:2,062_48_awa_5d009bf82b,48,awa,Anesthesia/calcium_imaging/20190608_GCaMP6f_48_quiet/2/suite2p/plane0,196,300.0,9000,196,1,196,1,1.0,1,0.6163772907122035,49,4,49,4,4.0,4,0.5412848812994586,25,8,25,4,8.0,8,0.3814000000000001
48:awa:20190608_GCaMP6f_48_quiet:3,063_48_awa_2dba0dd8da,48,awa,Anesthesia/calcium_imaging/20190608_GCaMP6f_48_quiet/3/suite2p/plane0,235,300.0,9000,235,1,235,1,1.0,1,0.7153598913535537,47,5,47,5,5.0,5,0.4506564056133998,24,10,24,5,10.0,10,0.2938368055555556
48:awa:20190608_GCaMP6f_48_quiet:4,064_48_awa_f74bbf00d6,48,awa,Anesthesia/calcium_imaging/20190608_GCaMP6f_48_quiet/4/suite2p/plane0,258,300.0,9000,258,1,258,1,1.0,1,0.6631531308214651,43,6,43,6,6.0,6,0.5137912385073014,24,11,24,5,11.0,11,0.36783854166666674
48:iso:20190717_GCaMP6f_48_iso_only 3 images:2,065_48_iso_e3b08a4ea0,48,iso,Anesthesia/calcium_imaging/20190717_GCaMP6f_48_iso_only 3 images/2/suite2p/plane0,151,300.0,9000,151,1,151,1,1.0,1,0.7243980527169862,38,4,38,3,4.0,4,0.438452216066482,22,7,22,4,7.0,7,0.34607438016528924
48:iso:20190717_GCaMP6f_48_iso_only 3 images:3,066_48_iso_8533515bb5,48,iso,Anesthesia/calcium_imaging/20190717_GCaMP6f_48_iso_only 3 images/3/suite2p/plane0,306,300.0,9000,306,1,306,1,1.0,1,0.8148014652484089,44,7,44,5,7.0,7,0.5098140495867769,24,13,24,7,13.0,13,0.41384548611111116
48:iso:20190717_GCaMP6f_48_iso_only 3 images:4,067_48_iso_97099693e6,48,iso,Anesthesia/calcium_imaging/20190717_GCaMP6f_48_iso_only 3 images/4/suite2p/plane0,353,300.0,9000,353,1,353,1,1.0,1,0.8096275148665024,45,8,45,1,8.0,8,0.5603703703703704,24,15,24,8,15.0,15,0.4086371527777778
51:awa:20190608_GCaMP6f_51_quiet:2,068_51_awa_5f59b335a0,51,awa,Anesthesia/calcium_imaging/20190608_GCaMP6f_51_quiet/2/suite2p/plane0,107,300.0,9000,107,1,107,1,1.0,1,0.6189514368067079,36,3,36,2,3.0,3,0.5867091049382717,22,5,22,2,5.0,5,0.4666838842975206
51:awa:20190608_GCaMP6f_51_quiet:3,069_51_awa_bd931a5cd9,51,awa,Anesthesia/calcium_imaging/20190608_GCaMP6f_51_quiet/3/suite2p/plane0,91,300.0,9000,91,1,91,1,1.0,1,0.6302529887694724,46,2,46,1,2.0,2,0.5839437618147449,23,4,23,3,4.0,4,0.4988185255198488
51:awa:20190608_GCaMP6f_51_quiet:4,070_51_awa_b6cb47c5a5,51,awa,Anesthesia/calcium_imaging/20190608_GCaMP6f_51_quiet/4/suite2p/plane0,85,300.0,9000,85,1,85,1,1.0,1,0.6939965397923875,43,2,43,1,2.0,2,0.5836938885884262,22,4,22,1,4.0,4,0.5364152892561984
51:awa:20190801_GCaMP6f_51_awake:2,071_51_awa_cf98b50120,51,awa,Anesthesia/calcium_imaging/20190801_GCaMP6f_51_awake/2/suite2p/plane0,277,300.0,9000,277,1,277,1,1.0,1,0.5682874141458901,47,6,47,1,6.0,6,0.3822996831145315,24,12,24,1,12.0,12,0.2439236111111111
51:awa:20190801_GCaMP6f_51_awake:3,072_51_awa_57b9b71ff5,51,awa,Anesthesia/calcium_imaging/20190801_GCaMP6f_51_awake/3/suite2p/plane0,303,300.0,9000,303,1,303,1,1.0,1,0.5358978967203651,44,7,44,2,7.0,7,0.3193440082644628,24,13,24,4,13.0,13,0.21115451388888895
51:iso:20190717_GCaMP6f_51_iso:2,073_51_iso_eba524b772,51,iso,Anesthesia/calcium_imaging/20190717_GCaMP6f_51_iso/2/suite2p/plane0,580,300.0,9000,580,1,580,1,1.0,1,0.6159393579072535,49,12,49,4,12.0,12,0.3164306538942107,25,24,25,4,24.0,24,0.2552
51:iso:20190717_GCaMP6f_51_iso:3,074_51_iso_01331cf497,51,iso,Anesthesia/calcium_imaging/20190717_GCaMP6f_51_iso/3/suite2p/plane0,571,300.0,9000,571,1,571,1,1.0,1,0.5810300698378427,48,12,48,7,12.0,12,0.34060329861111116,25,23,25,19,23.0,23,0.26159999999999994
51:iso:20190717_GCaMP6f_51_iso:4,075_51_iso_2c803c4760,51,iso,Anesthesia/calcium_imaging/20190717_GCaMP6f_51_iso/4/suite2p/plane0,570,300.0,9000,570,1,570,1,1.0,1,0.6147406894429058,48,12,48,6,12.0,12,0.3324652777777778,25,23,25,18,23.0,23,0.23560000000000003
51:iso:20190717_GCaMP6f_51_iso:5,076_51_iso_7a705fd356,51,iso,Anesthesia/calcium_imaging/20190717_GCaMP6f_51_iso/5/suite2p/plane0,581,300.0,9000,581,1,581,1,1.0,1,0.601402042890026,49,12,49,5,12.0,12,0.3682319866722199,25,24,25,5,24.0,24,0.2824
51:iso:20190717_GCaMP6f_51_iso:6,077_51_iso_0867da15b3,51,iso,Anesthesia/calcium_imaging/20190717_GCaMP6f_51_iso/6/suite2p/plane0,567,300.0,9000,567,1,567,1,1.0,1,0.6414682928498331,48,12,48,3,12.0,12,0.34743923611111116,25,23,25,15,23.0,23,0.25920000000000004
53:awa:20190608_GCaMP6f_53_quiet:2,078_53_awa_883f5a8937,53,awa,Anesthesia/calcium_imaging/20190608_GCaMP6f_53_quiet/2/suite2p/plane0,358,300.0,9000,358,1,358,1,1.0,1,0.9022843778284074,45,8,45,6,8.0,8,0.46549382716049387,24,15,24,13,15.0,15,0.3582899305555556
53:awa:20190608_GCaMP6f_53_quiet:3,079_53_awa_68564aef2f,53,awa,Anesthesia/calcium_imaging/20190608_GCaMP6f_53_quiet/3/suite2p/plane0,143,300.0,9000,143,1,143,1,1.0,1,0.5009841557044354,48,3,48,2,3.0,3,0.3778754340277778,24,6,24,5,6.0,6,0.27604166666666663
53:awa:20190608_GCaMP6f_53_quiet:4,080_53_awa_a66508e7ed,53,awa,Anesthesia/calcium_imaging/20190608_GCaMP6f_53_quiet/4/suite2p/plane0,162,300.0,9000,162,1,162,1,1.0,1,0.8168390870294162,41,4,41,2,4.0,4,0.46386079714455686,24,7,24,1,7.0,7,0.3391927083333333
53:awa:20190801_GCaMP6f_53_awake:2,081_53_awa_672dab3513,53,awa,Anesthesia/calcium_imaging/20190801_GCaMP6f_53_awake/2/suite2p/plane0,191,300.0,9000,191,1,191,1,1.0,1,0.7750712699761522,48,4,48,3,4.0,4,0.46630859375,24,8,24,7,8.0,8,0.3309461805555555
53:awa:20190801_GCaMP6f_53_awake:3,082_53_awa_8150ec4e61,53,awa,Anesthesia/calcium_imaging/20190801_GCaMP6f_53_awake/3/suite2p/plane0,137,300.0,9000,137,1,137,1,1.0,1,0.5576882092812617,46,3,46,2,3.0,3,0.4014650283553875,23,6,23,5,6.0,6,0.2547258979206049
53:iso:20190717_GCaMP6f_53_iso_zoom2.5:2,083_53_iso_817815ddb7,53,iso,Anesthesia/calcium_imaging/20190717_GCaMP6f_53_iso_zoom2.5/2/suite2p/plane0,367,300.0,9000,367,1,367,1,1.0,1,0.7838010156731432,46,8,46,7,8.0,8,0.41522920604914937,25,15,25,7,15.0,15,0.2846
53:iso:20190717_GCaMP6f_53_iso_zoom2.5:3,084_53_iso_1f44cd34b1,53,iso,Anesthesia/calcium_imaging/20190717_GCaMP6f_53_iso_zoom2.5/3/suite2p/plane0,384,300.0,9000,384,1,384,1,1.0,1,0.7188034057617188,48,8,48,8,8.0,8,0.4374457465277778,24,16,24,16,16.0,16,0.4220920138888889
53:iso:20190717_GCaMP6f_53_iso_zoom2.5:4,085_53_iso_edad9874d1,53,iso,Anesthesia/calcium_imaging/20190717_GCaMP6f_53_iso_zoom2.5/4/suite2p/plane0,405,300.0,9000,405,1,405,1,1.0,1,0.7274356043286085,45,9,45,9,9.0,9,0.40580246913580253,24,17,24,14,17.0,17,0.30316840277777773
53:iso:20190717_GCaMP6f_53_iso_zoom2.5:5,086_53_iso_acde069c32,53,iso,Anesthesia/calcium_imaging/20190717_GCaMP6f_53_iso_zoom2.5/5/suite2p/plane0,397,300.0,9000,397,1,397,1,1.0,1,0.7309100368633772,50,8,50,5,8.0,8,0.5345500000000001,25,16,25,13,16.0,16,0.4122
53:iso:20190717_GCaMP6f_53_iso_zoom2.5:6,087_53_iso_5c4c2b9600,53,iso,Anesthesia/calcium_imaging/20190717_GCaMP6f_53_iso_zoom2.5/6/suite2p/plane0,393,300.0,9000,393,1,393,1,1.0,1,0.6796604380734093,50,8,50,1,8.0,8,0.42239999999999994,25,16,25,9,16.0,16,0.37300000000000005
