animal_id,target_label,target_n,log10_n,available,session_count,session_ids,delta_q_animal,subset_delta_q_median,subset_delta_q_p025,subset_delta_q_p975,session_median_delta_q_values,session_p025_delta_q_values,session_p975_delta_q_values,full_accepted_neurons_by_session,subset_repeats_per_session
mouse01,N100,100,2.0,True,1,mouse01_sleep,0.006454036458333312,0.006454036458333312,-0.01884345052083332,0.025049218749999963,0.00645403645833,-0.0188434505208,0.02504921875,,100
mouse01,N150,150,2.1760912590556813,True,1,mouse01_sleep,0.004992824074074087,0.004992824074074087,-0.019520645254629602,0.02937204861111115,0.00499282407407,-0.0195206452546,0.0293720486111,,100
mouse01,N225,225,2.3521825181113627,True,1,mouse01_sleep,0.009882047325102894,0.009882047325102894,-0.012967237654320991,0.027509925411522626,0.0098820473251,-0.0129672376543,0.0275099254115,,100
mouse01,N340,340,2.531478917042255,True,1,mouse01_sleep,0.014215720065599763,0.014215720065599763,-0.008107469182525959,0.03530717283466697,0.0142157200656,-0.00810746918253,0.0353071728347,,100
mouse01,N510,510,2.7075701760979363,True,1,mouse01_sleep,0.02262972274285535,0.02262972274285535,0.002977753448193038,0.04028302090341847,0.0226297227429,0.00297775344819,0.0402830209034,,100
mouse01,N765,765,2.8836614351536176,True,1,mouse01_sleep,0.030428474358152824,0.030428474358152824,0.007565220196648089,0.0490229524657539,0.0304284743582,0.00756522019665,0.0490229524658,,100
mouse01,N1150,1150,3.060697840353612,True,1,mouse01_sleep,0.03532069647920602,0.03532069647920602,0.016133208786231836,0.051773078577898486,0.0353206964792,0.0161332087862,0.0517730785779,,100
mouse01,N1725,1725,3.2367890994092927,True,1,mouse01_sleep,0.04504343669047112,0.04504343669047112,0.02761174112143797,0.06380003242491082,0.0450434366905,0.0276117411214,0.0638000324249,,100
mouse01,N2600,2600,3.4149733479708178,True,1,mouse01_sleep,0.050427150748890426,0.050427150748890426,0.03178230950289695,0.06544014093703784,0.0504271507489,0.0317823095029,0.065440140937,,100
mouse01,N3900,3900,3.591064607026499,True,1,mouse01_sleep,0.055154559346235976,0.055154559346235976,0.04397947019076671,0.067199835416153,0.0551545593462,0.0439794701908,0.0671998354162,,100
mouse01,FULL,,,True,1,mouse01_sleep,0.0516113441121947,0.0516113441121947,0.0516113441121947,0.0516113441121947,,,,7843,1
mouse02,N100,100,2.0,True,1,mouse02_sleep,0.011949472656250043,0.011949472656250043,-0.004330844726562489,0.029237263671874972,0.0119494726563,-0.00433084472656,0.0292372636719,,100
mouse02,N150,150,2.1760912590556813,True,1,mouse02_sleep,0.010833272569444413,0.010833272569444413,-0.004657596788194433,0.024321613715277794,0.0108332725694,-0.00465759678819,0.0243216137153,,100
mouse02,N225,225,2.3521825181113627,True,1,mouse02_sleep,0.017078885030864188,0.017078885030864188,-0.002817911651234582,0.03359969405864197,0.0170788850309,-0.00281791165123,0.0335996940586,,100
mouse02,N340,340,2.531478917042255,True,1,mouse02_sleep,0.023531540603373702,0.023531540603373702,0.0064568502142354975,0.04114322159183061,0.0235315406034,0.00645685021424,0.0411432215918,,100
mouse02,N510,510,2.7075701760979363,True,1,mouse02_sleep,0.032854686298539076,0.032854686298539076,0.01588256394776047,0.05051832175425323,0.0328546862985,0.0158825639478,0.0505183217543,,100
mouse02,N765,765,2.8836614351536176,True,1,mouse02_sleep,0.039236608048720534,0.039236608048720534,0.02193970423034408,0.059731024108649416,0.0392366080487,0.0219397042303,0.0597310241086,,100
mouse02,N1150,1150,3.060697840353612,True,1,mouse02_sleep,0.04773877909380908,0.04773877909380908,0.03138061389413998,0.05924406160650985,0.0477387790938,0.0313806138941,0.0592440616065,,100
mouse02,N1725,1725,3.2367890994092927,True,1,mouse02_sleep,0.051260817317790364,0.051260817317790364,0.03725126827019005,0.06283775633729775,0.0512608173178,0.0372512682702,0.0628377563373,,100
mouse02,N2600,2600,3.4149733479708178,True,1,mouse02_sleep,0.05060309700328225,0.05060309700328225,0.03933155914414985,0.06133276481023493,0.0506030970033,0.0393315591441,0.0613327648102,,100
mouse02,N3900,3900,3.591064607026499,True,1,mouse02_sleep,0.04454808208518246,0.04454808208518246,0.03851186144369459,0.05149800579003332,0.0445480820852,0.0385118614437,0.05149800579,,100
mouse02,FULL,,,True,1,mouse02_sleep,0.03053673314102434,0.03053673314102434,0.03053673314102434,0.03053673314102434,,,,6574,1
mouse03,N100,100,2.0,True,1,mouse03_sleep,0.014309374999999958,0.014309374999999958,-0.018281701660156274,0.037423493652343744,0.014309375,-0.0182817016602,0.0374234936523,,100
mouse03,N150,150,2.1760912590556813,True,1,mouse03_sleep,0.01584084201388891,0.01584084201388891,-0.00929722113715275,0.04100965928819445,0.0158408420139,-0.00929722113715,0.0410096592882,,100
mouse03,N225,225,2.3521825181113627,True,1,mouse03_sleep,0.02570004822530858,0.02570004822530858,-0.0023154861111110976,0.049563385898919725,0.0257000482253,-0.00231548611111,0.0495633858989,,100
mouse03,N340,340,2.531478917042255,True,1,mouse03_sleep,0.038604601163765156,0.038604601163765156,0.013258857911845818,0.06271729360402248,0.0386046011638,0.0132588579118,0.062717293604,,100
mouse03,N510,510,2.7075701760979363,True,1,mouse03_sleep,0.05470123044622266,0.05470123044622266,0.03137592503108778,0.07887523118737381,0.0547012304462,0.0313759250311,0.0788752311874,,100
mouse03,N765,765,2.8836614351536176,True,1,mouse03_sleep,0.07174466901752538,0.07174466901752538,0.046898939485414196,0.09108675758055124,0.0717446690175,0.0468989394854,0.0910867575806,,100
mouse03,N1150,1150,3.060697840353612,True,1,mouse03_sleep,0.08606752274338364,0.08606752274338364,0.06124426108001525,0.10833515233636574,0.0860675227434,0.06124426108,0.108335152336,,100
mouse03,N1725,1725,3.2367890994092927,True,1,mouse03_sleep,0.09719222885160678,0.09719222885160678,0.07727559967214082,0.11708141999284542,0.0971922288516,0.0772755996721,0.117081419993,,100
mouse03,N2600,2600,3.4149733479708178,True,1,mouse03_sleep,0.10646594671666976,0.10646594671666976,0.09131074545233908,0.11830245469674555,0.106465946717,0.0913107454523,0.118302454697,,100
mouse03,N3900,3900,3.591064607026499,True,1,mouse03_sleep,0.10455453437037726,0.10455453437037726,0.08831246771918383,0.12063522153394138,0.10455453437,0.0883124677192,0.120635221534,,100
mouse03,FULL,,,True,1,mouse03_sleep,0.09684612126842473,0.09684612126842473,0.09684612126842473,0.09684612126842473,,,,7112,1
mouse04,N100,100,2.0,True,2,mouse04_day1_sleep;mouse04_day2_sleep,0.019062551153273793,0.021082666015624973,-0.0024426350911458325,0.0346153347051711,0.0159568080357;0.0221682942708,-0.020732859933;0.00638021158854,0.0476185853795;0.0411255485026,,100
mouse04,N150,150,2.1760912590556813,True,2,mouse04_day1_sleep;mouse04_day2_sleep,0.029819066220238125,0.029946347966269868,0.0107564864934689,0.05110289977058529,0.0271581845238;0.0324799479167,-0.00788710441468;0.0140142896412,0.0627686483135;0.0560912507234,,100
mouse04,N225,225,2.3521825181113627,True,2,mouse04_day1_sleep;mouse04_day2_sleep,0.04435424015285125,0.0446264173647854,0.023755520994084373,0.06783909214708256,0.0416689484127;0.047039531893,0.000989855048501;0.0292313490226,0.0733509027778;0.0678520373585,,100
mouse04,N340,340,2.531478917042255,True,2,mouse04_day1_sleep;mouse04_day2_sleep,0.059767545661417176,0.05984207593308459,0.0379332357957544,0.079929926219971,0.0553488399036;0.0641862514192,0.0178949509836;0.0467305126784,0.0950074840023;0.0803014627036,,100
mouse04,N510,510,2.7075701760979363,True,2,mouse04_day1_sleep;mouse04_day2_sleep,0.07880519828182495,0.07918696304348946,0.05297516429531885,0.09589189917886584,0.0747758159636;0.0828345806,0.0320838479234;0.0638016247132,0.104290761387;0.099444008602,,100
mouse04,N765,765,2.8836614351536176,True,2,mouse04_day1_sleep;mouse04_day2_sleep,0.0971048178712298,0.09744750215468351,0.0807321756013249,0.11617615919370652,0.093484803235;0.100724832507,0.0632791151659;0.0843830166649,0.124572609388;0.117045562154,,100
mouse04,N1150,1150,3.060697840353612,True,2,mouse04_day1_sleep;mouse04_day2_sleep,0.11611938010214126,0.11581589058561748,0.0983424649073949,0.1340608951875661,0.112490154098;0.119748606106,0.0819204313648;0.0998010802861,0.149788392435;0.134791341564,,100
mouse04,N1725,1725,3.2367890994092927,True,2,mouse04_day1_sleep;mouse04_day2_sleep,0.12455733388562584,0.123820410792113,0.10601576831160424,0.14582846008319705,0.121996294859;0.127118372913,0.0862753064801;0.108980741435,0.157681474968;0.141809816565,,100
mouse04,N2600,2600,3.4149733479708178,True,2,mouse04_day1_sleep;mouse04_day2_sleep,0.13189005740228316,0.13186369035924506,0.11416900595778104,0.14898022293791632,0.135884027796;0.127896087008,0.105901583662;0.113609221608,0.171592977806;0.139540262307,,100
mouse04,N3900,3900,3.591064607026499,True,2,mouse04_day1_sleep;mouse04_day2_sleep,0.13031969274771255,0.13078436284074044,0.11576362723993926,0.15232373433704233,0.141014122083;0.119625263413,0.111726472713;0.107763701424,0.184803657717;0.131431741721,,100
mouse04,FULL,,,True,2,mouse04_day1_sleep;mouse04_day2_sleep,0.11093866184141243,0.11093866184141243,0.11093866184141243,0.11093866184141243,,,,9612;10197,1
mouse05,N100,100,2.0,True,1,mouse05_sleep,0.004163736979166638,0.004163736979166638,-0.017304176432291665,0.024502379557291672,0.00416373697917,-0.0173041764323,0.0245023795573,,100
mouse05,N150,150,2.1760912590556813,True,1,mouse05_sleep,0.010716840277777778,0.010716840277777778,-0.0038306163194444243,0.026543030960648115,0.0107168402778,-0.00383061631944,0.0265430309606,,100
mouse05,N225,225,2.3521825181113627,True,1,mouse05_sleep,0.023509169238683125,0.023509169238683125,0.001600390303497934,0.03760852494855968,0.0235091692387,0.0016003903035,0.0376085249486,,100
mouse05,N340,340,2.531478917042255,True,1,mouse05_sleep,0.03848631686130338,0.03848631686130338,0.020096291934742647,0.057927664821673136,0.0384863168613,0.0200962919347,0.0579276648217,,100
mouse05,N510,510,2.7075701760979363,True,1,mouse05_sleep,0.05691261574074069,0.05691261574074069,0.03985220090129601,0.07375911345696369,0.0569126157407,0.0398522009013,0.073759113457,,100
mouse05,N765,765,2.8836614351536176,True,1,mouse05_sleep,0.08066608106568696,0.08066608106568696,0.06352372167889483,0.10016998103026618,0.0806660810657,0.0635237216789,0.10016998103,,100
mouse05,N1150,1150,3.060697840353612,True,1,mouse05_sleep,0.10051756704867681,0.10051756704867681,0.0801188370599007,0.11830845079158779,0.100517567049,0.0801188370599,0.118308450792,,100
mouse05,N1725,1725,3.2367890994092927,True,1,mouse05_sleep,0.11461019262409855,0.11461019262409855,0.10197145893501017,0.1258728785641145,0.114610192624,0.101971458935,0.125872878564,,100
mouse05,N2600,2600,3.4149733479708178,True,1,mouse05_sleep,0.1243915300057013,0.1243915300057013,0.1162859291693634,0.13615042790098775,0.124391530006,0.116285929169,0.136150427901,,100
mouse05,N3900,3900,3.591064607026499,True,1,mouse05_sleep,0.125301649262752,0.125301649262752,0.11516993435436867,0.1307726411275133,0.125301649263,0.115169934354,0.130772641128,,100
mouse05,FULL,,,True,1,mouse05_sleep,0.10887264497195015,0.10887264497195015,0.10887264497195015,0.10887264497195015,,,,7355,1
