dataset,animal,grain,contrast,mean,median,q025,q975,min,max,n,negative_fraction,reversal_fraction
riken,mouse03,G2,C1_finite_size,-0.1569170701925897,-0.1592211520662689,-0.17908411028101734,-0.12956882560989263,-0.1805329535725858,-0.12469934305921937,50,1.0,1.0
riken,mouse03,G2,C2_aggregation,0.3417492573985377,0.34205154560406925,0.31046873415253295,0.36719475235530713,0.3034918682609098,0.3726950431533157,50,0.0,0.0
riken,mouse03,G2,C3_spatial_organization,-0.04889342567525885,-0.0486801819650764,-0.06666259332531206,-0.03256976862457012,-0.06679482989340874,-0.029170715905409927,50,1.0,1.0
riken,mouse03,G2,C4_total_objectification,0.13593876153068907,0.13593876153068907,0.13593876153068907,0.13593876153068907,0.13593876153068907,0.13593876153068907,1,0.0,0.0
riken,mouse03,G3,C1_finite_size,-0.0417024926474043,-0.03760167703003467,-0.0922121754307367,-0.010229813167893058,-0.10857317980403833,-0.0011308828330434118,50,0.98,0.98
riken,mouse03,G3,C2_aggregation,0.1012384375492281,0.09664180493610186,0.059889219268433415,0.14951721941365642,0.05650309398629483,0.1860578473288832,50,0.0,0.0
riken,mouse03,G3,C3_spatial_organization,-0.01152718114342116,-0.011168337499261563,-0.02871069424394252,0.004657770840717526,-0.02947590376644224,0.01214884209347436,50,0.54,0.54
riken,mouse03,G3,C4_total_objectification,0.04800876375840263,0.04800876375840263,0.04800876375840263,0.04800876375840263,0.04800876375840263,0.04800876375840263,1,0.0,0.0
riken,mouse05,G2,C1_finite_size,-0.022614027123254637,-0.01991409534811686,-0.06160621532272088,0.008893481575235949,-0.06693506498769447,0.01039020834219534,50,0.64,0.64
riken,mouse05,G2,C2_aggregation,0.06299748866505966,0.05277432349058772,0.0299752223047234,0.12551581744289483,0.028520119519054254,0.1332065577651515,50,0.0,0.0
riken,mouse05,G2,C3_spatial_organization,0.0106768318841827,0.011765051078971495,-0.015012480181789538,0.04343599444372689,-0.01791231921487607,0.04807661845730021,50,0.1,0.1
riken,mouse05,G2,C4_total_objectification,0.051060293425987724,0.051060293425987724,0.051060293425987724,0.051060293425987724,0.051060293425987724,0.051060293425987724,1,0.0,0.0
riken,mouse05,G3,C1_finite_size,-0.07306577349320412,-0.07213669061900756,-0.09573388988438877,-0.04938927900284603,-0.11666372229944832,-0.04410116490734553,50,1.0,1.0
riken,mouse05,G3,C2_aggregation,0.07037790059687789,0.06726495064279152,0.03726301509412315,0.11324471849173551,0.028333620293847506,0.12802106290174486,50,0.0,0.0
riken,mouse05,G3,C3_spatial_organization,-0.06656526629935719,-0.06684116735537192,-0.10642575614095497,-0.03053121269513307,-0.11007128099173549,-0.02733798209366381,50,1.0,1.0
riken,mouse05,G3,C4_total_objectification,-0.06925313919568343,-0.06925313919568343,-0.06925313919568343,-0.06925313919568343,-0.06925313919568343,-0.06925313919568343,1,1.0,1.0
riken,mouse06,G2,C1_finite_size,-0.12527939114334752,-0.12582580900038445,-0.1423984419227434,-0.10907373396441371,-0.14446672649400616,-0.10846821770158299,50,1.0,1.0
riken,mouse06,G2,C2_aggregation,0.04323932783018865,0.042007950171324304,0.02242229641563197,0.06698029973179587,0.016712332291295817,0.07130557147042241,50,0.0,0.0
riken,mouse06,G2,C3_spatial_organization,-0.08404237523362416,-0.08280389554223039,-0.10178947591957037,-0.06975544740399171,-0.10492093864957891,-0.06668277467515143,50,1.0,1.0
riken,mouse06,G2,C4_total_objectification,-0.16608243854678306,-0.16608243854678306,-0.16608243854678306,-0.16608243854678306,-0.16608243854678306,-0.16608243854678306,1,1.0,1.0
riken,mouse06,G3,C1_finite_size,-0.20790549538202946,-0.20829697793592364,-0.22928455135431458,-0.1861940406629362,-0.24064514378640509,-0.18444695034697944,50,1.0,1.0
riken,mouse06,G3,C2_aggregation,0.07873927137510128,0.0790252475643997,0.05402839806282625,0.10297675451110157,0.049175452729568275,0.10431013212071533,50,0.0,0.0
riken,mouse06,G3,C3_spatial_organization,-0.16872840804431197,-0.16777534031271796,-0.1830147299787298,-0.1569588142996119,-0.19466944499406422,-0.14760784421109172,50,1.0,1.0
riken,mouse06,G3,C4_total_objectification,-0.29789463205124017,-0.29789463205124017,-0.29789463205124017,-0.29789463205124017,-0.29789463205124017,-0.29789463205124017,1,1.0,1.0
riken,mouse07,G2,C1_finite_size,-0.106092238010473,-0.10625828052659486,-0.12719426518767776,-0.0835045766512981,-0.13274305965384153,-0.0788075225260092,50,1.0,1.0
riken,mouse07,G2,C2_aggregation,0.04307557149095332,0.04079541505402884,0.01550694451818194,0.06474610187263956,0.014227581072101148,0.06947181025115556,50,0.0,0.0
riken,mouse07,G2,C3_spatial_organization,0.001112108271703518,0.0008512941141596564,-0.013608571121362894,0.020043022269554206,-0.026838065562463265,0.021915559277821295,50,0.12,0.12
riken,mouse07,G2,C4_total_objectification,-0.061904558247816155,-0.061904558247816155,-0.061904558247816155,-0.061904558247816155,-0.061904558247816155,-0.061904558247816155,1,1.0,1.0
riken,mouse07,G3,C1_finite_size,-0.1944249872592435,-0.1945020733105018,-0.21178630897300918,-0.1766005837341825,-0.21536439419047823,-0.17590439766240823,50,1.0,1.0
riken,mouse07,G3,C2_aggregation,0.07108468878882249,0.07146811128763016,0.04971033276169234,0.09397443977867322,0.04698525131161804,0.10870790284908677,50,0.0,0.0
riken,mouse07,G3,C3_spatial_organization,0.10762196030777432,0.10775706748169345,0.09134509394814551,0.11851124727769126,0.09093815317874476,0.12226760864685912,50,0.0,0.0
riken,mouse07,G3,C4_total_objectification,-0.0157183381626467,-0.0157183381626467,-0.0157183381626467,-0.0157183381626467,-0.0157183381626467,-0.0157183381626467,1,1.0,1.0
hamburg,37527,G2,C1_finite_size,-0.07143105751581055,-0.07006188288006746,-0.1089539621318504,-0.032351312770791896,-0.1146183335494056,-0.028538657984871374,50,1.0,1.0
hamburg,37527,G2,C2_aggregation,-0.019633546121518734,-0.018501352795461973,-0.062487354178979146,0.01963291179250761,-0.07086769587982983,0.045790914726746124,50,0.58,0.58
hamburg,37527,G2,C3_spatial_organization,0.013273639866160506,0.012637202247171936,-0.011114894586455424,0.041430414027096685,-0.019264757301709567,0.04740011176245712,50,0.06,0.06
hamburg,37527,G2,C4_total_objectification,-0.07779096377116879,-0.07779096377116879,-0.07779096377116879,-0.07779096377116879,-0.07779096377116879,-0.07779096377116879,1,1.0,1.0
hamburg,37527,G3,C1_finite_size,-0.07709287205310066,-0.0791494916633266,-0.1060790480079384,-0.04787643508570184,-0.10809281989569064,-0.0434302088745967,50,1.0,1.0
hamburg,37527,G3,C2_aggregation,-0.016726407867494825,-0.015187322872595832,-0.0648495068539585,0.025886528129407102,-0.0780231701210729,0.02747306669517202,50,0.56,0.56
hamburg,37527,G3,C3_spatial_organization,-0.006753658010021913,-0.005390975832283179,-0.04462120494456445,0.030569978424025528,-0.052672278107840476,0.035832001080205234,50,0.44,0.44
hamburg,37527,G3,C4_total_objectification,-0.10057293793061739,-0.10057293793061739,-0.10057293793061739,-0.10057293793061739,-0.10057293793061739,-0.10057293793061739,1,1.0,1.0
hamburg,37528,G2,C1_finite_size,0.08945800026897559,0.08964818656842927,0.05074064236147686,0.11668255716413839,0.04266183376494603,0.14266767646166656,50,0.0,0.0
hamburg,37528,G2,C2_aggregation,-0.017621275095134593,-0.014921547939871993,-0.06495919754690258,0.022482834858597842,-0.07278201588954325,0.03830806613328941,50,0.66,0.66
hamburg,37528,G2,C3_spatial_organization,0.012499026946365106,0.014655143924033165,-0.02539546608974781,0.04449512616899961,-0.03144643978417766,0.05006229201231266,50,0.1,0.1
hamburg,37528,G2,C4_total_objectification,0.08433575212020611,0.08433575212020611,0.08433575212020611,0.08433575212020611,0.08433575212020611,0.08433575212020611,1,0.0,0.0
hamburg,37528,G3,C1_finite_size,0.09192848790992211,0.09027207840815848,0.0580278945181673,0.12215121062817606,0.053757390357011936,0.1320260852423737,50,0.0,0.0
hamburg,37528,G3,C2_aggregation,-0.01562636496913582,-0.018637827932098866,-0.06532910480048501,0.042131486855158766,-0.07561501873897708,0.047360240299823775,50,0.62,0.62
hamburg,37528,G3,C3_spatial_organization,-0.016586503968254,-0.01477402447089951,-0.050511057098765445,0.025784723048941714,-0.05180222663139328,0.029060543430335095,50,0.66,0.66
hamburg,37528,G3,C4_total_objectification,0.0597156189725323,0.0597156189725323,0.0597156189725323,0.0597156189725323,0.0597156189725323,0.0597156189725323,1,0.0,0.0
hamburg,37529,G2,C1_finite_size,-0.05590066436070753,-0.05959446572289137,-0.09801362047563897,-0.011800736062898415,-0.11501043249500359,0.009059483773737331,50,0.96,0.96
hamburg,37529,G2,C2_aggregation,0.015336186718706872,0.016258945596394958,-0.03931550618143301,0.06858082707673746,-0.053282469827633405,0.07116712328112013,50,0.18,0.18
hamburg,37529,G2,C3_spatial_organization,-0.025183540201218272,-0.02352668811576525,-0.05014748112238972,-0.00029413260791531076,-0.06941048334653188,0.011280241740488806,50,0.86,0.86
hamburg,37529,G2,C4_total_objectification,-0.06574801784321893,-0.06574801784321893,-0.06574801784321893,-0.06574801784321893,-0.06574801784321893,-0.06574801784321893,1,1.0,1.0
hamburg,37529,G3,C1_finite_size,-0.05317242254780763,-0.04977423330403882,-0.10576173559314556,0.004942050966014176,-0.13398228627420744,0.013832291698732457,50,0.94,0.94
hamburg,37529,G3,C2_aggregation,0.02654713355620901,0.022977327814680593,-0.027938241634139674,0.10479964069318994,-0.04433787369600223,0.12131343391181831,50,0.16,0.16
hamburg,37529,G3,C3_spatial_organization,-0.022083867221230388,-0.02427315451133638,-0.05373240344181022,0.014677308696855488,-0.05861408973955057,0.01809175943429242,50,0.74,0.74
hamburg,37529,G3,C4_total_objectification,-0.04870915621282901,-0.04870915621282901,-0.04870915621282901,-0.04870915621282901,-0.04870915621282901,-0.04870915621282901,1,1.0,1.0
hamburg,37530,G2,C1_finite_size,0.010363890430017042,0.00970756311875709,-0.028071126313050837,0.0380746183919411,-0.03888997791958265,0.05259132975751857,50,0.14,0.14
hamburg,37530,G2,C2_aggregation,0.026533418373984784,0.022215310840977026,-0.017695059838554104,0.08533493457324906,-0.03315867045440629,0.09405906975998463,50,0.06,0.06
hamburg,37530,G2,C3_spatial_organization,-0.012816723491106905,-0.010962766388874556,-0.045188141793026736,0.015408431448034806,-0.04697030162793453,0.018105316211207145,50,0.56,0.56
hamburg,37530,G2,C4_total_objectification,0.02408058531289492,0.02408058531289492,0.02408058531289492,0.02408058531289492,0.02408058531289492,0.02408058531289492,1,0.0,0.0
hamburg,37530,G3,C1_finite_size,0.034715941698891105,0.034989670479755264,-0.007487557529503991,0.06877949976216269,-0.013819473038763297,0.07434219748592819,50,0.02,0.02
hamburg,37530,G3,C2_aggregation,0.017595373456790117,0.011121971450617302,-0.030313469328703706,0.07341982301311724,-0.03211265432098759,0.1070981867283951,50,0.14,0.14
hamburg,37530,G3,C3_spatial_organization,0.0012080814043210397,0.0016506172839506894,-0.030252668788580152,0.03327694299768519,-0.045075868055555524,0.036782658179012384,50,0.28,0.28
hamburg,37530,G3,C4_total_objectification,0.053519396560002264,0.053519396560002264,0.053519396560002264,0.053519396560002264,0.053519396560002264,0.053519396560002264,1,0.0,0.0
hamburg,48,G2,C1_finite_size,-0.06640947313058264,-0.06464220884231073,-0.1348139497820537,-0.005626084551487911,-0.13947337856880448,0.010693914449308617,50,0.96,0.96
hamburg,48,G2,C2_aggregation,-0.0019309488703968902,-0.0015190072383300113,-0.07174652844041338,0.06494864800340122,-0.08276184633051298,0.08508899631731043,50,0.38,0.38
hamburg,48,G2,C3_spatial_organization,-0.04867044777942223,-0.04742061684684676,-0.09141159433582101,-0.007182096150374428,-0.10460652248667651,-0.004466338150283633,50,0.96,0.96
hamburg,48,G2,C4_total_objectification,-0.11701086978040176,-0.11701086978040176,-0.11701086978040176,-0.11701086978040176,-0.11701086978040176,-0.11701086978040176,1,1.0,1.0
hamburg,48,G3,C1_finite_size,-0.10096045321235109,-0.09777159919873005,-0.1787242292157564,-0.04180662909045034,-0.19478635327356936,-0.040045523575069186,50,1.0,1.0
hamburg,48,G3,C2_aggregation,0.026051728841444757,0.018410615147689047,-0.06428518033076981,0.13520972095481315,-0.07159286329201092,0.16398629285277017,50,0.22,0.22
hamburg,48,G3,C3_spatial_organization,-0.0012429583333334448,0.0003391849364859645,-0.05553948765591531,0.056318727186639016,-0.06119821797520669,0.06671974957912441,50,0.48,0.48
hamburg,48,G3,C4_total_objectification,-0.07615168270423978,-0.07615168270423978,-0.07615168270423978,-0.07615168270423978,-0.07615168270423978,-0.07615168270423978,1,1.0,1.0
hamburg,51,G2,C1_finite_size,-0.07556432510111741,-0.07373515241519499,-0.11643947365981942,-0.040299125015687554,-0.12186813825449189,-0.01447755041872023,50,1.0,1.0
hamburg,51,G2,C2_aggregation,-0.042228765191085926,-0.04429765549748471,-0.09060119782276023,0.01038528807944916,-0.11288136077475863,0.016186035523324704,50,0.84,0.84
hamburg,51,G2,C3_spatial_organization,-0.033809743777205456,-0.033351433617428344,-0.06826529494923567,-0.006979864290729795,-0.09738098819652563,0.0073565712067256706,50,0.92,0.92
hamburg,51,G2,C4_total_objectification,-0.15160283406940878,-0.15160283406940878,-0.15160283406940878,-0.15160283406940878,-0.15160283406940878,-0.15160283406940878,1,1.0,1.0
hamburg,51,G3,C1_finite_size,-0.06994184376105593,-0.06851521788236004,-0.1184675722268717,-0.03117404155765485,-0.12367468643745483,-0.029571950683932202,50,1.0,1.0
hamburg,51,G3,C2_aggregation,-0.02205928789074367,-0.023628810907775993,-0.0837632821103662,0.026866121996380474,-0.08836907476118816,0.03652558375471504,50,0.62,0.62
hamburg,51,G3,C3_spatial_organization,-0.04203686850152152,-0.03874552705750142,-0.08852629886259489,-0.004411078209921885,-0.09113976642607552,-0.0011309286508754957,50,0.9,0.9
hamburg,51,G3,C4_total_objectification,-0.13403800015332112,-0.13403800015332112,-0.13403800015332112,-0.13403800015332112,-0.13403800015332112,-0.13403800015332112,1,1.0,1.0
hamburg,53,G2,C1_finite_size,-0.023055156737678356,-0.02180491958789757,-0.07838405694988994,0.02241294912270662,-0.08869125701672276,0.025649910693910705,50,0.72,0.72
hamburg,53,G2,C2_aggregation,-0.007666452634204232,-0.010017035196206253,-0.06808932395156451,0.0524456464347641,-0.0718926864937478,0.05560878436308825,50,0.5,0.5
hamburg,53,G2,C3_spatial_organization,0.021257677450668675,0.021422239785896663,-0.010515503607188432,0.05326833094791919,-0.011570405464132627,0.057471907200526806,50,0.04,0.04
hamburg,53,G2,C4_total_objectification,-0.00946393192121392,-0.00946393192121392,-0.00946393192121392,-0.00946393192121392,-0.00946393192121392,-0.00946393192121392,1,0.0,0.0
hamburg,53,G3,C1_finite_size,-0.012142736401174416,-0.013506981740913915,-0.06408776258396168,0.038682879442398344,-0.10170071309987222,0.06486277540044288,50,0.54,0.54
hamburg,53,G3,C2_aggregation,0.01918373035864315,0.020473782818735548,-0.043961712068105466,0.09165432960184319,-0.052631674936988004,0.09499507167611843,50,0.26,0.26
hamburg,53,G3,C3_spatial_organization,0.022583132393404738,0.019539731411468197,-0.0058415756012391955,0.0570385153296314,-0.025137452215921008,0.06478262694286913,50,0.02,0.02
hamburg,53,G3,C4_total_objectification,0.02962412635087347,0.02962412635087347,0.02962412635087347,0.02962412635087347,0.02962412635087347,0.02962412635087347,1,0.0,0.0
