dataset,animal,grain,representation,mean,median,q025,q975,min,max,n,negative_fraction,positive_fraction
riken,mouse03,G2,R0,-0.020865079847131374,-0.020865079847131374,-0.020865079847131374,-0.020865079847131374,-0.020865079847131374,-0.020865079847131374,1,1.0,0.0
riken,mouse03,G2,R1_N_ONLY,-0.17778215003972112,-0.18008623191340029,-0.1999491901281487,-0.150433905457024,-0.20139803341971718,-0.14556442290635074,50,1.0,0.0
riken,mouse03,G2,R2_RANDOM_AGG,0.16396710735881656,0.1637538636486341,0.1476434503081278,0.18173627500886977,0.14424439758896762,0.18186851157696643,50,0.0,1.0
riken,mouse03,G2,R3,0.1150736816835577,0.1150736816835577,0.1150736816835577,0.1150736816835577,0.1150736816835577,0.1150736816835577,1,0.0,1.0
riken,mouse03,G3,R0,-0.020865079847131374,-0.020865079847131374,-0.020865079847131374,-0.020865079847131374,-0.020865079847131374,-0.020865079847131374,1,1.0,0.0
riken,mouse03,G3,R1_N_ONLY,-0.06256757249453568,-0.05846675687716604,-0.11307725527786808,-0.03109489301502443,-0.1294382596511697,-0.021995962680174785,50,1.0,0.0
riken,mouse03,G3,R2_RANDOM_AGG,0.038670865054692416,0.03831202141053282,0.022485913070553726,0.055854378155213776,0.014994841817796895,0.056619587677713495,50,0.0,1.0
riken,mouse03,G3,R3,0.027143683911271255,0.027143683911271255,0.027143683911271255,0.027143683911271255,0.027143683911271255,0.027143683911271255,1,0.0,1.0
riken,mouse05,G2,R0,0.0006809399303023822,0.0006809399303023822,0.0006809399303023822,0.0006809399303023822,0.0006809399303023822,0.0006809399303023822,1,0.0,0.0
riken,mouse05,G2,R1_N_ONLY,-0.021933087192952262,-0.01923315541781448,-0.060925275392418494,0.009574421505538331,-0.06625412505739209,0.011071148272497722,50,0.62,0.04
riken,mouse05,G2,R2_RANDOM_AGG,0.04106440147210741,0.03997618227731861,0.008305238912563207,0.06675371353807964,0.003664614898989893,0.06965355257116618,50,0.0,0.96
riken,mouse05,G2,R3,0.051741233356290106,0.051741233356290106,0.051741233356290106,0.051741233356290106,0.051741233356290106,0.051741233356290106,1,0.0,1.0
riken,mouse05,G3,R0,0.0006809399303023822,0.0006809399303023822,0.0006809399303023822,0.0006809399303023822,0.0006809399303023822,0.0006809399303023822,1,0.0,0.0
riken,mouse05,G3,R1_N_ONLY,-0.07238483356290175,-0.07145575068870517,-0.09505294995408639,-0.04870833907254365,-0.11598278236914594,-0.04342022497704315,50,1.0,0.0
riken,mouse05,G3,R2_RANDOM_AGG,-0.0020069329660238593,-0.0017310319100091315,-0.03804098657024798,0.037853556875573915,-0.04123421717171724,0.04149908172635444,50,0.32,0.28
riken,mouse05,G3,R3,-0.06857219926538105,-0.06857219926538105,-0.06857219926538105,-0.06857219926538105,-0.06857219926538105,-0.06857219926538105,1,1.0,0.0
riken,mouse06,G2,R0,0.13152325100228313,0.13152325100228313,0.13152325100228313,0.13152325100228313,0.13152325100228313,0.13152325100228313,1,0.0,1.0
riken,mouse06,G2,R1_N_ONLY,0.006243859858935585,0.005697442001898673,-0.010875190920460284,0.02244951703786941,-0.012943475491723033,0.023055033300700134,50,0.04,0.4
riken,mouse06,G2,R2_RANDOM_AGG,0.04948318768912423,0.04824470799773045,0.03519625985949178,0.06723028837507043,0.0321235871306515,0.07036175110507897,50,0.0,1.0
riken,mouse06,G2,R3,-0.034559187544499936,-0.034559187544499936,-0.034559187544499936,-0.034559187544499936,-0.034559187544499936,-0.034559187544499936,1,1.0,0.0
riken,mouse06,G3,R0,0.13152325100228313,0.13152325100228313,0.13152325100228313,0.13152325100228313,0.13152325100228313,0.13152325100228313,1,0.0,1.0
riken,mouse06,G3,R1_N_ONLY,-0.07638224437974635,-0.07677372693364051,-0.09776130035203144,-0.05467078966065308,-0.10912189278412196,-0.05292369934469632,50,1.0,0.0
riken,mouse06,G3,R2_RANDOM_AGG,0.0023570269953549342,0.001403959263760926,-0.009412566749345163,0.016643348929772747,-0.01876353683786533,0.02829806394510717,50,0.02,0.16
riken,mouse06,G3,R3,-0.16637138104895705,-0.16637138104895705,-0.16637138104895705,-0.16637138104895705,-0.16637138104895705,-0.16637138104895705,1,1.0,0.0
riken,mouse07,G2,R0,0.12405175917097933,0.12405175917097933,0.12405175917097933,0.12405175917097933,0.12405175917097933,0.12405175917097933,1,0.0,1.0
riken,mouse07,G2,R1_N_ONLY,0.017959521160506333,0.017793478644384464,-0.0031425060166984514,0.04054718251968122,-0.008691300482862208,0.045244236644970126,50,0.0,0.76
riken,mouse07,G2,R2_RANDOM_AGG,0.061035092651459656,0.061295906809003514,0.04210417865360896,0.07575577204452606,0.040231641645341876,0.08898526648562644,50,0.0,1.0
riken,mouse07,G2,R3,0.06214720092316317,0.06214720092316317,0.06214720092316317,0.06214720092316317,0.06214720092316317,0.06214720092316317,1,0.0,1.0
riken,mouse07,G3,R0,0.12405175917097933,0.12405175917097933,0.12405175917097933,0.12405175917097933,0.12405175917097933,0.12405175917097933,1,0.0,1.0
riken,mouse07,G3,R1_N_ONLY,-0.07037322808826418,-0.07045031413952248,-0.08773454980202985,-0.05254882456320318,-0.0913126350194989,-0.051852638491428904,50,1.0,0.0
riken,mouse07,G3,R2_RANDOM_AGG,0.0007114607005583095,0.0005763535266391784,-0.01017782626935864,0.01698832706018712,-0.013934187638526496,0.017395267829587863,50,0.04,0.14
riken,mouse07,G3,R3,0.10833342100833263,0.10833342100833263,0.10833342100833263,0.10833342100833263,0.10833342100833263,0.10833342100833263,1,0.0,1.0
hamburg,37527,G2,R0,0.10688649450636678,0.10688649450636678,0.10688649450636678,0.10688649450636678,0.10688649450636678,0.10688649450636678,1,0.0,1.0
hamburg,37527,G2,R1_N_ONLY,0.03545543699055622,0.036824611626299325,-0.002067467625483608,0.07453518173557488,-0.007731839043038813,0.0783478365214954,50,0.0,0.84
hamburg,37527,G2,R2_RANDOM_AGG,0.015821890869037486,0.01645832848802606,-0.012334883291898692,0.04021042532165342,-0.018304581027259126,0.04836028803690756,50,0.06,0.66
hamburg,37527,G2,R3,0.029095530735197994,0.029095530735197994,0.029095530735197994,0.029095530735197994,0.029095530735197994,0.029095530735197994,1,0.0,1.0
hamburg,37527,G3,R0,0.10688649450636678,0.10688649450636678,0.10688649450636678,0.10688649450636678,0.10688649450636678,0.10688649450636678,1,0.0,1.0
hamburg,37527,G3,R1_N_ONLY,0.029793622453266125,0.027737002843040176,0.000807446498428384,0.05901005942066494,-0.001206325389323859,0.06345628563177008,50,0.0,0.86
hamburg,37527,G3,R2_RANDOM_AGG,0.013067214585771304,0.01170453240803257,-0.02425642184827615,0.05093476152031384,-0.029518444504455843,0.058985834683589866,50,0.12,0.5
hamburg,37527,G3,R3,0.0063135565757493906,0.0063135565757493906,0.0063135565757493906,0.0063135565757493906,0.0063135565757493906,0.0063135565757493906,1,0.0,0.0
hamburg,37528,G2,R0,-0.06849519899898737,-0.06849519899898737,-0.06849519899898737,-0.06849519899898737,-0.06849519899898737,-0.06849519899898737,1,1.0,0.0
hamburg,37528,G2,R1_N_ONLY,0.020962801269988222,0.021152987569441895,-0.017754556637510514,0.04818735816515102,-0.02583336523404134,0.07417247746267919,50,0.08,0.78
hamburg,37528,G2,R2_RANDOM_AGG,0.003341526174853633,0.0011854091971855718,-0.028654573047780872,0.04123601921096654,-0.03422173889109392,0.0472869929053964,50,0.2,0.34
hamburg,37528,G2,R3,0.015840553121218737,0.015840553121218737,0.015840553121218737,0.015840553121218737,0.015840553121218737,0.015840553121218737,1,0.0,1.0
hamburg,37528,G3,R0,-0.06849519899898737,-0.06849519899898737,-0.06849519899898737,-0.06849519899898737,-0.06849519899898737,-0.06849519899898737,1,1.0,0.0
hamburg,37528,G3,R1_N_ONLY,0.023433288910934748,0.021776879409171113,-0.010467304480820077,0.053656011629188684,-0.014737808641975436,0.06353088624338632,50,0.06,0.8
hamburg,37528,G3,R2_RANDOM_AGG,0.007806923941798929,0.005994444444444441,-0.0345643030753968,0.041731477072310376,-0.037840123456790165,0.04302264660493821,50,0.2,0.44
hamburg,37528,G3,R3,-0.00877958002645507,-0.00877958002645507,-0.00877958002645507,-0.00877958002645507,-0.00877958002645507,-0.00877958002645507,1,0.0,0.0
hamburg,37529,G2,R0,0.03307553411108799,0.03307553411108799,0.03307553411108799,0.03307553411108799,0.03307553411108799,0.03307553411108799,1,0.0,1.0
hamburg,37529,G2,R1_N_ONLY,-0.022825130249619546,-0.02651893161180338,-0.06493808636455098,0.021274798048189575,-0.0819348983839156,0.04213501788482532,50,0.64,0.08
hamburg,37529,G2,R2_RANDOM_AGG,-0.00748894353091267,-0.009145795616365693,-0.03237835112421564,0.017474997390258776,-0.04395272547261975,0.03673799961440094,50,0.48,0.14
hamburg,37529,G2,R3,-0.03267248373213094,-0.03267248373213094,-0.03267248373213094,-0.03267248373213094,-0.03267248373213094,-0.03267248373213094,1,1.0,0.0
hamburg,37529,G3,R0,0.03307553411108799,0.03307553411108799,0.03307553411108799,0.03307553411108799,0.03307553411108799,0.03307553411108799,1,0.0,1.0
hamburg,37529,G3,R1_N_ONLY,-0.02009688843671964,-0.016698699192950833,-0.07268620148205757,0.038017585077102165,-0.10090675216311945,0.04690782580982045,50,0.64,0.08
hamburg,37529,G3,R2_RANDOM_AGG,0.006450245119489364,0.008639532409595363,-0.030310930798596508,0.03809878134006919,-0.03372538153603344,0.04298046763780955,50,0.22,0.48
hamburg,37529,G3,R3,-0.015633622101741018,-0.015633622101741018,-0.015633622101741018,-0.015633622101741018,-0.015633622101741018,-0.015633622101741018,1,1.0,0.0
hamburg,37530,G2,R0,-0.054012066313088636,-0.054012066313088636,-0.054012066313088636,-0.054012066313088636,-0.054012066313088636,-0.054012066313088636,1,1.0,0.0
hamburg,37530,G2,R1_N_ONLY,-0.0436481758830716,-0.044304503194331546,-0.08208319262613947,-0.015937447921147534,-0.09290204423267129,-0.001420736555570068,50,0.98,0.0
hamburg,37530,G2,R2_RANDOM_AGG,-0.017114757509086812,-0.01896871461131916,-0.04533991244822852,0.015256660792833011,-0.04803679721140086,0.017038820627740814,50,0.66,0.04
hamburg,37530,G2,R3,-0.029931481000193716,-0.029931481000193716,-0.029931481000193716,-0.029931481000193716,-0.029931481000193716,-0.029931481000193716,1,1.0,0.0
hamburg,37530,G3,R0,-0.054012066313088636,-0.054012066313088636,-0.054012066313088636,-0.054012066313088636,-0.054012066313088636,-0.054012066313088636,1,1.0,0.0
hamburg,37530,G3,R1_N_ONLY,-0.01929612461419753,-0.019022395833333372,-0.061499623842592624,0.014767433449074045,-0.06783153935185193,0.02033013117283955,50,0.62,0.12
hamburg,37530,G3,R2_RANDOM_AGG,-0.0017007511574074119,-0.0021432870370370616,-0.03376961275077156,0.029759999035493777,-0.037275327932098756,0.04458319830246915,50,0.32,0.26
hamburg,37530,G3,R3,-0.0004926697530863722,-0.0004926697530863722,-0.0004926697530863722,-0.0004926697530863722,-0.0004926697530863722,-0.0004926697530863722,1,0.0,0.0
hamburg,48,G2,R0,0.11797890664822497,0.11797890664822497,0.11797890664822497,0.11797890664822497,0.11797890664822497,0.11797890664822497,1,0.0,1.0
hamburg,48,G2,R1_N_ONLY,0.05156943351764233,0.05333669780591424,-0.016835043133828727,0.11235282209673705,-0.021494471920579516,0.12867282109753359,50,0.06,0.88
hamburg,48,G2,R2_RANDOM_AGG,0.04963848464724543,0.048388653714669966,0.008150133018197628,0.0923796312036442,0.005434375018106841,0.10557455935449972,50,0.0,0.96
hamburg,48,G2,R3,0.0009680368678232076,0.0009680368678232076,0.0009680368678232076,0.0009680368678232076,0.0009680368678232076,0.0009680368678232076,1,0.0,0.0
hamburg,48,G3,R0,0.11797890664822497,0.11797890664822497,0.11797890664822497,0.11797890664822497,0.11797890664822497,0.11797890664822497,1,0.0,1.0
hamburg,48,G3,R1_N_ONLY,0.017018453435873875,0.02020730744949492,-0.06074532256753143,0.07617227755777463,-0.07680744662534439,0.07793338307315578,50,0.22,0.6
hamburg,48,G3,R2_RANDOM_AGG,0.04307018227731864,0.04148803900749923,-0.01449150324265384,0.09736671159990049,-0.024892525635139218,0.10302544191919188,50,0.04,0.82
hamburg,48,G3,R3,0.04182722394398519,0.04182722394398519,0.04182722394398519,0.04182722394398519,0.04182722394398519,0.04182722394398519,1,0.0,1.0
hamburg,51,G2,R0,0.001438835338607558,0.001438835338607558,0.001438835338607558,0.001438835338607558,0.001438835338607558,0.001438835338607558,1,0.0,0.0
hamburg,51,G2,R1_N_ONLY,-0.07412548976250985,-0.07229631707658743,-0.11500063832121186,-0.038860289677079995,-0.12042930291588433,-0.013038715080112673,50,1.0,0.0
hamburg,51,G2,R2_RANDOM_AGG,-0.11635425495359579,-0.11681256511337287,-0.14318413444007141,-0.08189870378156557,-0.1575205699375269,-0.05278301053427559,50,1.0,0.0
hamburg,51,G2,R3,-0.15016399873080122,-0.15016399873080122,-0.15016399873080122,-0.15016399873080122,-0.15016399873080122,-0.15016399873080122,1,1.0,0.0
hamburg,51,G3,R0,0.001438835338607558,0.001438835338607558,0.001438835338607558,0.001438835338607558,0.001438835338607558,0.001438835338607558,1,0.0,0.0
hamburg,51,G3,R1_N_ONLY,-0.06850300842244839,-0.06707638254375248,-0.11702873688826414,-0.02973520621904729,-0.12223585109884727,-0.028133115345324644,50,1.0,0.0
hamburg,51,G3,R2_RANDOM_AGG,-0.09056229631319206,-0.09385363775721214,-0.1281880866047917,-0.04407286595211867,-0.13146823616383807,-0.04145939838863805,50,1.0,0.0
hamburg,51,G3,R3,-0.13259916481471357,-0.13259916481471357,-0.13259916481471357,-0.13259916481471357,-0.13259916481471357,-0.13259916481471357,1,1.0,0.0
hamburg,53,G2,R0,0.01754868017611666,0.01754868017611666,0.01754868017611666,0.01754868017611666,0.01754868017611666,0.01754868017611666,1,0.0,1.0
hamburg,53,G2,R1_N_ONLY,-0.005506476561561696,-0.00425623941178091,-0.060835376773773285,0.039961629298823284,-0.0711425768406061,0.043198590870027365,50,0.44,0.24
hamburg,53,G2,R2_RANDOM_AGG,-0.013172929195765928,-0.013337491530993922,-0.04518358269301646,0.018600251862091167,-0.049387158945624066,0.019655153719035368,50,0.58,0.12
hamburg,53,G2,R3,0.00808474825490274,0.00808474825490274,0.00808474825490274,0.00808474825490274,0.00808474825490274,0.00808474825490274,1,0.0,0.0
hamburg,53,G3,R0,0.01754868017611666,0.01754868017611666,0.01754868017611666,0.01754868017611666,0.01754868017611666,0.01754868017611666,1,0.0,1.0
hamburg,53,G3,R1_N_ONLY,0.005405943774942242,0.004041698435202745,-0.04653908240784502,0.056231559618515004,-0.08415203292375556,0.08241145557655954,50,0.32,0.46
hamburg,53,G3,R2_RANDOM_AGG,0.02458967413358539,0.027633075115521932,-0.009865708802641284,0.05301438212822932,-0.017609820415878996,0.07231025874291114,50,0.04,0.76
hamburg,53,G3,R3,0.04717280652699013,0.04717280652699013,0.04717280652699013,0.04717280652699013,0.04717280652699013,0.04717280652699013,1,0.0,1.0
