N_regime,N,effect,replicates,mean_estimated_delta_q,mean_true_planted_delta_q,mean_bias,sign_error_rate,substantive_reversal_rate
large,5943,large,100,0.02851932769047543,0.23783763135299157,-0.2093183036625161,0.0,0.0
large,5943,medium,100,0.0004174456959943118,0.1210028461871511,-0.12058540049115678,0.42,0.0
large,5943,small,100,-3.827293109500418e-05,0.03584925031982108,-0.03588752325091607,0.53,0.0
medium,595,large,100,0.09281813504238215,0.2395966712163563,-0.14677853617397413,0.0,0.0
medium,595,medium,100,0.003758743519436201,0.12231615867483857,-0.11855741515540236,0.15,0.0
medium,595,small,100,0.001283248478240834,0.03527606020063614,-0.03399281172239531,0.33,0.0
small,149,large,100,0.10209749599706176,0.23618098870043372,-0.134083492703372,0.0,0.0
small,149,medium,100,0.011957920424739825,0.12048409766789461,-0.10852617724315479,0.09,0.01
small,149,small,100,0.0019621965574885165,0.03697761478640822,-0.035015418228919716,0.42,0.06
